ID	NUMBER 	ENGLISH	CONCEPTICON_ID	CONCEPTICON_GLOSS	SIMILARITY
Bolt-2018-576-1	1	1sg	1209	I	2
Bolt-2018-576-2	2	2pl.excl		???	
Bolt-2018-576-3	3	2pl.incl		???	
Bolt-2018-576-4	4	2sg	1215	THOU	2
Bolt-2018-576-5	5	3sg	262	HE OR SHE OR IT	2
Bolt-2018-576-6	6	ablative		???	
#<<<					
Bolt-2018-576-7	7	above, top	2379	UP OR ABOVE	4
Bolt-2018-576-7	7	above, top	1591	UP	4
Bolt-2018-576-7	7	above, top	1741	ABOVE	4
Bolt-2018-576-7	7	above, top	3036	TREETOP	4
Bolt-2018-576-7	7	above, top	1753	TOP	4
#>>>					
Bolt-2018-576-8	8	achieve, obtain	694	GET	4
Bolt-2018-576-9	9	aconite		???	
Bolt-2018-576-10	10	after	1685	AFTER	2
Bolt-2018-576-11	11	afternoon	1807	AFTERNOON	2
Bolt-2018-576-12	12	agent		???	
#<<<					
Bolt-2018-576-13	13	alive, healthy	1422	BE ALIVE	4
Bolt-2018-576-13	13	alive, healthy	1364	HEALTHY	4
#>>>					
Bolt-2018-576-14	14	all	98	ALL	2
Bolt-2018-576-15	15	allative		???	
Bolt-2018-576-16	16	amaranth		???	
#<<<					
Bolt-2018-576-17	17	angry (vi)	1826	ANGRY	4
Bolt-2018-576-17	17	angry (vi)	2223	BE ANGRY	4
#>>>					
Bolt-2018-576-18	18	ant	587	ANT	2
Bolt-2018-576-19	19	arrive	1387	ARRIVE	2
Bolt-2018-576-20	20	arrow	977	ARROW	2
Bolt-2018-576-21	21	ascend	705	GO UP (ASCEND)	2
Bolt-2018-576-22	22	ash	646	ASH	2
Bolt-2018-576-23	23	ask	1309	ASK (INQUIRE)	2
Bolt-2018-576-24	24	associative		???	
Bolt-2018-576-25	25	attic		???	
Bolt-2018-576-26	26	axe	677	AXE	2
#<<<					
Bolt-2018-576-27	27	back (n)	1291	BACK	4
Bolt-2018-576-27	27	back (n)	1482	SHOULDER	4
Bolt-2018-576-27	27	back (n)	2910	BACK (DIRECTION)	4
Bolt-2018-576-27	27	back (n)	2323	BACK (PART)	4
#>>>					
#<<<					
Bolt-2018-576-28	28	back (wards)	1291	BACK	4
Bolt-2018-576-28	28	back (wards)	1482	SHOULDER	4
Bolt-2018-576-28	28	back (wards)	2910	BACK (DIRECTION)	4
Bolt-2018-576-28	28	back (wards)	2323	BACK (PART)	4
#>>>					
Bolt-2018-576-29	29	bad1		???	
Bolt-2018-576-30	30	bad2		???	
Bolt-2018-576-31	31	bamboo	1927	BAMBOO	2
Bolt-2018-576-32	32	banana	868	BANANA	2
Bolt-2018-576-33	33	barley	932	BARLEY	2
Bolt-2018-576-34	34	bastard	1947	BASTARD	2
Bolt-2018-576-35	35	bat	1793	BAT	2
Bolt-2018-576-36	36	beans	832	BEAN	2
Bolt-2018-576-37	37	bear	1820	BEAR	2
#<<<					
Bolt-2018-576-38	38	beat, hit	354	POUND	4
Bolt-2018-576-38	38	beat, hit	1433	HIT	4
Bolt-2018-576-38	38	beat, hit	2133	STRIKE OR BEAT	4
Bolt-2018-576-38	38	beat, hit	111	DRUMMING	4
Bolt-2018-576-38	38	beat, hit	2740	BEAT (CLASSIFIER)	4
Bolt-2018-576-38	38	beat, hit	1665	BEAT	4
#>>>					
Bolt-2018-576-39	39	beautiful	1427	BEAUTIFUL	2
Bolt-2018-576-40	40	bee	665	BEE	2
Bolt-2018-576-41	41	beer filter		???	
Bolt-2018-576-42	42	beer strainer		???	
Bolt-2018-576-43	43	behind	1686	BEHIND	2
#<<<					
Bolt-2018-576-44	44	belly, abdomen	819	STOMACH	4
Bolt-2018-576-44	44	belly, abdomen	2114	BELLY OR STOMACH	4
Bolt-2018-576-44	44	belly, abdomen	1251	BELLY	4
#>>>					
Bolt-2018-576-45	45	belt	772	BELT	2
Bolt-2018-576-46	46	big	1202	BIG	2
Bolt-2018-576-47	47	bind (v)	1917	TIE	3
Bolt-2018-576-48	48	bird	937	BIRD	2
Bolt-2018-576-49	49	bite	1403	BITE	2
Bolt-2018-576-50	50	bitter (vi)	887	BITTER	4
Bolt-2018-576-51	51	black	163	BLACK	2
Bolt-2018-576-52	52	blood	946	BLOOD	2
#<<<					
Bolt-2018-576-53	53	blow	176	BLOW (WITH MOUTH)	2
Bolt-2018-576-53	53	blow	175	BLOW (OF WIND)	2
#>>>					
Bolt-2018-576-54	54	blow (wind)	175	BLOW (OF WIND)	2
#<<<					
Bolt-2018-576-55	55	boar, wild	1348	BOAR	4
Bolt-2018-576-55	55	boar, wild	2230	UNTAMED OR WILD	4
Bolt-2018-576-55	55	boar, wild	1208	CAT	4
#>>>					
#<<<					
Bolt-2018-576-56	56	boil (n)	1100	COOK (SOMETHING)	4
Bolt-2018-576-56	56	boil (n)	792	BOIL (OF LIQUID)	4
Bolt-2018-576-56	56	boil (n)	793	BOIL (OF SKIN)	4
Bolt-2018-576-56	56	boil (n)	2492	BOIL (SOMETHING)	4
Bolt-2018-576-56	56	boil (n)	2493	BOIL	4
Bolt-2018-576-56	56	boil (n)	1809	PIMPLE	4
#>>>					
#<<<					
Bolt-2018-576-57	57	boil  (water)	1100	COOK (SOMETHING)	4
Bolt-2018-576-57	57	boil  (water)	792	BOIL (OF LIQUID)	4
Bolt-2018-576-57	57	boil  (water)	793	BOIL (OF SKIN)	4
Bolt-2018-576-57	57	boil  (water)	2492	BOIL (SOMETHING)	4
Bolt-2018-576-57	57	boil  (water)	2493	BOIL	4
Bolt-2018-576-57	57	boil  (water)	1809	PIMPLE	4
#>>>					
Bolt-2018-576-58	58	bone	1394	BONE	2
Bolt-2018-576-59	59	borrow1		???	
Bolt-2018-576-60	60	borrow2		???	
Bolt-2018-576-61	61	bow	994	BOW	2
Bolt-2018-576-62	62	brain	1583	BRAIN	2
Bolt-2018-576-63	63	branch	1531	BRANCH	2
#<<<					
Bolt-2018-576-64	64	break	2558	BREAK (CLEAVE)	2
Bolt-2018-576-64	64	break	680	BREAK (DESTROY OR GET DESTROYED)	2
#>>>					
Bolt-2018-576-65	65	breast, milk	2129	BREAST OR MILK	2
Bolt-2018-576-66	66	breath	870	BREATH	2
Bolt-2018-576-67	67	bridge	1011	BRIDGE	2
#<<<					
Bolt-2018-576-68	68	bridge, hanging	2733	BRIDGE (CLASSIFIER)	4
Bolt-2018-576-68	68	bridge, hanging	1011	BRIDGE	4
#>>>					
Bolt-2018-576-69	69	bring	692	BRING	2
Bolt-2018-576-70	70	brother (elder)	1759	OLDER BROTHER	2
Bolt-2018-576-71	71	brother-in-law	2314	BROTHER-IN-LAW	2
#<<<					
Bolt-2018-576-72	72	brother, younger	3038	SAME-SEX YOUNGER SIBLING	4
Bolt-2018-576-72	72	brother, younger	2416	YOUNGER BROTHER (OF MAN)	4
Bolt-2018-576-72	72	brother, younger	2417	YOUNGER BROTHER (OF WOMAN)	4
Bolt-2018-576-72	72	brother, younger	1760	YOUNGER BROTHER	4
Bolt-2018-576-72	72	brother, younger	2414	OLDER BROTHER (OF MAN)	4
Bolt-2018-576-72	72	brother, younger	2415	OLDER BROTHER (OF WOMAN)	4
Bolt-2018-576-72	72	brother, younger	1759	OLDER BROTHER	4
Bolt-2018-576-72	72	brother, younger	3040	DIFFERENT-SEX YOUNGER SIBLING	4
Bolt-2018-576-72	72	brother, younger	559	BROTHER (OF MAN)	4
Bolt-2018-576-72	72	brother, younger	560	BROTHER (OF WOMAN)	4
Bolt-2018-576-72	72	brother, younger	1262	BROTHER	4
Bolt-2018-576-72	72	brother, younger	2174	PATERNAL UNCLE (FATHER'S YOUNGER BROTHER)	4
#>>>					
#<<<					
Bolt-2018-576-73	73	buckwheat, bitter	887	BITTER	4
Bolt-2018-576-73	73	buckwheat, bitter	2040	BUCKWHEAT	4
#>>>					
#<<<					
Bolt-2018-576-74	74	buckwheat, sweet	2040	BUCKWHEAT	4
Bolt-2018-576-74	74	buckwheat, sweet	717	SWEET	4
#>>>					
Bolt-2018-576-75	75	buffalo	934	BUFFALO	2
Bolt-2018-576-76	76	Bugun		???	
#<<<					
Bolt-2018-576-77	77	burn, roast (vt)	141	BURN (SOMETHING)	4
Bolt-2018-576-77	77	burn, roast (vt)	737	LIGHT (IGNITE)	4
Bolt-2018-576-77	77	burn, roast (vt)	2102	BURN	4
Bolt-2018-576-77	77	burn, roast (vt)	1428	BURNING	4
Bolt-2018-576-77	77	burn, roast (vt)	2145	ROAST (DEVICE)	4
Bolt-2018-576-77	77	burn, roast (vt)	1962	ROAST (SOMETHING)	4
Bolt-2018-576-77	77	burn, roast (vt)	2146	ROAST OR FRY	4
#>>>					
#<<<					
Bolt-2018-576-78	78	burn (vi)	141	BURN (SOMETHING)	4
Bolt-2018-576-78	78	burn (vi)	737	LIGHT (IGNITE)	4
Bolt-2018-576-78	78	burn (vi)	2102	BURN	4
Bolt-2018-576-78	78	burn (vi)	1428	BURNING	4
Bolt-2018-576-78	78	burn (vi)	1962	ROAST (SOMETHING)	4
#>>>					
Bolt-2018-576-79	79	butter	1245	BUTTER	2
Bolt-2018-576-80	80	butterfly	1791	BUTTERFLY	2
#<<<					
Bolt-2018-576-81	81	buy	2135	TRADE OR BARTER	2
Bolt-2018-576-81	81	buy	1869	BUY	2
#>>>					
Bolt-2018-576-82	82	call for		???	
Bolt-2018-576-83	83	cane	146	SUGAR CANE	2
#<<<					
Bolt-2018-576-84	84	cap, hat	2130	HEADGEAR	4
Bolt-2018-576-84	84	cap, hat	2730	HAT (CLASSIFIER)	4
Bolt-2018-576-84	84	cap, hat	771	HAT	4
Bolt-2018-576-84	84	cap, hat	2319	LID (COVER, CAP)	4
Bolt-2018-576-84	84	cap, hat	1680	HELMET	4
Bolt-2018-576-84	84	cap, hat	1288	CAP	4
#>>>					
Bolt-2018-576-85	85	carry	700	CARRY	2
Bolt-2018-576-86	86	cat	1208	CAT	2
#<<<					
Bolt-2018-576-87	87	cattle, cow	2168	COW (CLASSIFIER)	4
Bolt-2018-576-87	87	cattle, cow	1007	COW	4
Bolt-2018-576-87	87	cattle, cow	1153	CATTLE	4
Bolt-2018-576-87	87	cattle, cow	631	LIVESTOCK	4
#>>>					
Bolt-2018-576-88	88	cave	1155	CAVE	2
Bolt-2018-576-89	89	charcoal	1188	CHARCOAL	2
Bolt-2018-576-90	90	chest	1592	CHEST	2
Bolt-2018-576-91	91	chew	321	CHEW	2
#<<<					
Bolt-2018-576-92	92	chicken	2512	CHICK	2
Bolt-2018-576-92	92	chicken	1318	CHICKEN	2
#>>>					
#<<<					
Bolt-2018-576-93	93	child	1801	CHILD (DESCENDANT)	2
Bolt-2018-576-93	93	child	1304	CHILD (YOUNG HUMAN)	2
Bolt-2018-576-93	93	child	2099	CHILD	2
#>>>					
Bolt-2018-576-94	94	chili	919	CHILI PEPPER	2
Bolt-2018-576-95	95	chin	1510	CHIN	2
Bolt-2018-576-96	96	civet or spotted wild cat	3157	CIVET	4
#<<<					
Bolt-2018-576-97	97	civet, palm	3157	CIVET	4
Bolt-2018-576-97	97	civet, palm	1181	PALM TREE	4
Bolt-2018-576-97	97	civet, palm	1183	PALM OF HAND	4
#>>>					
#<<<					
Bolt-2018-576-98	98	clean	704	CLEAN	2
Bolt-2018-576-98	98	clean	2235	CLEAN (SOMETHING)	2
#>>>					
#<<<					
Bolt-2018-576-99	99	cliff, ravine	992	CLIFF	4
Bolt-2018-576-99	99	cliff, ravine	1930	RAVINE	4
Bolt-2018-576-99	99	cliff, ravine	618	PRECIPICE	4
#>>>					
Bolt-2018-576-100	100	clitoris		???	
Bolt-2018-576-101	101	clothing	1895	CLOTHES	2
#<<<					
Bolt-2018-576-102	102	cloud, mist, fog	249	FOG	4
Bolt-2018-576-102	102	cloud, mist, fog	1489	CLOUD	4
#>>>					
Bolt-2018-576-103	103	cockroach	1575	COCKROACH	2
#<<<					
Bolt-2018-576-104	104	cold	1287	COLD	2
Bolt-2018-576-104	104	cold	2483	COLD (OF WEATHER)	2
#>>>					
#<<<					
Bolt-2018-576-105	105	cold (vi)	2483	COLD (OF WEATHER)	4
Bolt-2018-576-105	105	cold (vi)	1287	COLD	4
Bolt-2018-576-105	105	cold (vi)	102	COMMON COLD (DISEASE)	4
Bolt-2018-576-105	105	cold (vi)	2932	COLD (CHILL)	4
#>>>					
#<<<					
Bolt-2018-576-106	106	comb	2070	COMB (VERB)	2
Bolt-2018-576-106	106	comb	1475	COMB	2
#>>>					
Bolt-2018-576-107	107	come	1446	COME	2
Bolt-2018-576-108	108	comparative degree		???	
Bolt-2018-576-109	109	CONCEPT		???	
Bolt-2018-576-110	110	cook1		???	
Bolt-2018-576-111	111	cook2		???	
Bolt-2018-576-112	112	copula, existential	1579	BE	4
#<<<					
Bolt-2018-576-113	113	copula, negative	1269	NO	4
Bolt-2018-576-113	113	copula, negative	1240	NOT	4
Bolt-2018-576-113	113	copula, negative	1579	BE	4
#>>>					
Bolt-2018-576-114	114	corpse	767	CORPSE	2
Bolt-2018-576-115	115	cotton	1850	COTTON	2
Bolt-2018-576-116	116	cough (vi)	879	COUGH	4
#<<<					
Bolt-2018-576-117	117	count	1420	COUNT	2
Bolt-2018-576-117	117	count	2945	COUNT (QUANTITY)	2
#>>>					
Bolt-2018-576-118	118	cover (v)	761	COVER	3
#<<<					
Bolt-2018-576-119	119	creeper, vine	343	VINE	4
Bolt-2018-576-119	119	creeper, vine	2388	LIANA	4
#>>>					
#<<<					
Bolt-2018-576-120	120	crow	913	CROW	2
Bolt-2018-576-120	120	crow	2074	CROW (VERB)	2
#>>>					
Bolt-2018-576-121	121	cry	1839	CRY	2
Bolt-2018-576-122	122	cucumber	496	CUCUMBER	2
Bolt-2018-576-123	123	curcuma sp.		???	
Bolt-2018-576-124	124	cure (vi)	499	CURE	4
Bolt-2018-576-125	125	cut	1432	CUT	2
Bolt-2018-576-126	126	dance	1879	DANCE	2
Bolt-2018-576-127	127	daughter	1357	DAUGHTER	2
Bolt-2018-576-128	128	daughter-in-law	1057	DAUGHTER-IN-LAW	2
Bolt-2018-576-129	129	day after tomorrow	1179	DAY AFTER TOMORROW	2
Bolt-2018-576-130	130	day after two days		???	
Bolt-2018-576-131	131	day before two days		???	
Bolt-2018-576-132	132	day before yesterday	1180	DAY BEFORE YESTERDAY	2
Bolt-2018-576-133	133	deaf	996	DEAF	2
Bolt-2018-576-134	134	deep	1593	DEEP	2
#<<<					
Bolt-2018-576-135	135	deer, barking	3152	MUNTJACS	4
Bolt-2018-576-135	135	deer, barking	1206	BARKING	4
Bolt-2018-576-135	135	deer, barking	1936	DEER	4
Bolt-2018-576-135	135	deer, barking	2456	LARGE WILD HERBIVORE	4
#>>>					
#<<<					
Bolt-2018-576-136	136	deer, sambar	3152	MUNTJACS	4
Bolt-2018-576-136	136	deer, sambar	1936	DEER	4
Bolt-2018-576-136	136	deer, sambar	2456	LARGE WILD HERBIVORE	4
#>>>					
Bolt-2018-576-137	137	defeat (vi)	782	DEFEAT	4
#<<<					
Bolt-2018-576-138	138	deity, ghost	1175	GHOST	4
Bolt-2018-576-138	138	deity, ghost	1944	GOD	4
Bolt-2018-576-138	138	deity, ghost	53	SPIRIT	4
#>>>					
Bolt-2018-576-139	139	descend	2014	GO DOWN (DESCEND)	2
Bolt-2018-576-140	140	die	1494	DIE	2
Bolt-2018-576-141	141	dig	1418	DIG	2
Bolt-2018-576-142	142	dirty	1230	DIRTY	2
Bolt-2018-576-143	143	disease	1986	DISEASE	2
Bolt-2018-576-144	144	do	813	DO	2
Bolt-2018-576-145	145	dog	2009	DOG	2
#<<<					
Bolt-2018-576-146	146	dog, wild	2009	DOG	4
Bolt-2018-576-146	146	dog, wild	1208	CAT	4
Bolt-2018-576-146	146	dog, wild	2230	UNTAMED OR WILD	4
#>>>					
Bolt-2018-576-147	147	door	1567	DOOR	2
Bolt-2018-576-148	148	down	1326	DOWN	2
#<<<					
Bolt-2018-576-149	149	down (visible)	2014	GO DOWN (DESCEND)	4
Bolt-2018-576-149	149	down (visible)	1280	FALL	4
Bolt-2018-576-149	149	down (visible)	2094	DOWN OR BELOW	4
Bolt-2018-576-149	149	down (visible)	1326	DOWN	4
#>>>					
#<<<					
Bolt-2018-576-150	150	dragon, thunder, lightning	2378	THUNDER (VERB)	4
Bolt-2018-576-150	150	dragon, thunder, lightning	1150	THUNDER	4
Bolt-2018-576-150	150	dragon, thunder, lightning	2007	BOLT (OF LIGHTNING)	4
Bolt-2018-576-150	150	dragon, thunder, lightning	2038	DRAGON	4
Bolt-2018-576-150	150	dragon, thunder, lightning	1732	SKY	4
Bolt-2018-576-150	150	dragon, thunder, lightning	1654	LIGHTNING	4
Bolt-2018-576-150	150	dragon, thunder, lightning	2377	FLASH (VERB)	4
#>>>					
#<<<					
Bolt-2018-576-151	151	dream (n)	1920	DREAM (SOMETHING)	2
Bolt-2018-576-151	151	dream (n)	2374	DREAM	2
#>>>					
Bolt-2018-576-152	152	drink	1401	DRINK	2
Bolt-2018-576-153	153	dry (adj.)	1398	DRY	2
#<<<					
Bolt-2018-576-154	154	dry, dry up (v.i.)	1398	DRY	4
Bolt-2018-576-154	154	dry, dry up (v.i.)	1786	DRY UP	4
#>>>					
Bolt-2018-576-155	155	dual		???	
#<<<					
Bolt-2018-576-156	156	eagle, buzzard	1865	BUZZARD	4
Bolt-2018-576-156	156	eagle, buzzard	2683	EAGLE OR HAWK	4
Bolt-2018-576-156	156	eagle, buzzard	1905	EAGLE	4
#>>>					
Bolt-2018-576-157	157	ear	1247	EAR	2
Bolt-2018-576-158	158	earthworm	2350	EARTHWORM	2
Bolt-2018-576-159	159	eat	1336	EAT	2
Bolt-2018-576-160	160	egg	744	EGG	2
Bolt-2018-576-161	161	eggplant	1146	AUBERGINE	2
Bolt-2018-576-162	162	eight	1705	EIGHT	2
Bolt-2018-576-163	163	elbow	981	ELBOW	2
Bolt-2018-576-164	164	elephant	1290	ELEPHANT	2
Bolt-2018-576-165	165	empty	1624	EMPTY	2
#<<<					
Bolt-2018-576-166	166	excrement	47	EXCRETA	2
Bolt-2018-576-166	166	excrement	675	FAECES (EXCREMENT)	2
#>>>					
Bolt-2018-576-167	167	excrete		???	
Bolt-2018-576-168	168	exit	1752	LEAVE	2
Bolt-2018-576-169	169	eye	1248	EYE	2
Bolt-2018-576-170	170	face1		???	
Bolt-2018-576-171	171	face2		???	
Bolt-2018-576-172	172	falcon		???	
Bolt-2018-576-173	173	fall1		???	
Bolt-2018-576-174	174	fall2		???	
Bolt-2018-576-175	175	far	1406	FAR	2
Bolt-2018-576-176	176	fast	1631	FAST	2
Bolt-2018-576-177	177	father	1217	FATHER	2
Bolt-2018-576-178	178	fat (n)	323	FAT (ORGANIC SUBSTANCE)	2
#<<<					
Bolt-2018-576-179	179	fear (vi)	1419	FEAR (BE AFRAID)	4
Bolt-2018-576-179	179	fear (vi)	781	FEAR (FRIGHT)	4
Bolt-2018-576-179	179	fear (vi)	2109	FEAR OR FRIGHTEN	4
#>>>					
Bolt-2018-576-180	180	female	1551	FEMALE	2
Bolt-2018-576-181	181	fence	1690	FENCE	2
Bolt-2018-576-182	182	fern, fiddlehead		???	
Bolt-2018-576-183	183	fetch		???	
#<<<					
Bolt-2018-576-184	184	few, little	2924	A LITTLE	4
Bolt-2018-576-184	184	few, little	1246	SMALL	4
Bolt-2018-576-184	184	few, little	1242	FEW	4
#>>>					
Bolt-2018-576-185	185	field	212	FIELD	2
Bolt-2018-576-186	186	finger	1303	FINGER	2
Bolt-2018-576-187	187	fire	221	FIRE	2
Bolt-2018-576-188	188	fire prefix		???	
#<<<					
Bolt-2018-576-189	189	fish	227	FISH	2
Bolt-2018-576-189	189	fish	2638	FISHING	2
#>>>					
Bolt-2018-576-190	190	five	493	FIVE	2
Bolt-2018-576-191	191	flame	889	FLAME	2
Bolt-2018-576-192	192	flee	956	FLEE	2
Bolt-2018-576-193	193	float	1574	FLOAT	2
Bolt-2018-576-194	194	flour	1594	FLOUR	2
Bolt-2018-576-195	195	flow	2003	FLOW	2
Bolt-2018-576-196	196	fly (n)	1504	FLY (INSECT)	2
#<<<					
Bolt-2018-576-197	197	fly (vi)	1504	FLY (INSECT)	4
Bolt-2018-576-197	197	fly (vi)	1441	FLY (MOVE THROUGH AIR)	4
#>>>					
Bolt-2018-576-198	198	fodder	3046	FODDER	4
Bolt-2018-576-199	199	food	256	FOOD	2
Bolt-2018-576-200	200	forehead	123	FOREHEAD	2
Bolt-2018-576-201	201	forest1		???	
Bolt-2018-576-202	202	forest2		???	
Bolt-2018-576-203	203	forget	1523	FORGET	2
Bolt-2018-576-204	204	four	1500	FOUR	2
Bolt-2018-576-205	205	friend	1325	FRIEND	2
Bolt-2018-576-206	206	frog	503	FROG	2
Bolt-2018-576-207	207	frost	2034	FROST	2
Bolt-2018-576-208	208	fruit	1507	FRUIT	2
Bolt-2018-576-209	209	frying pan	31	PAN	2
Bolt-2018-576-210	210	full	1429	FULL	2
Bolt-2018-576-211	211	gall, bile	1780	BILE	4
Bolt-2018-576-212	212	garden	586	GARDEN	2
Bolt-2018-576-213	213	garlic	2368	GARLIC	2
#<<<					
Bolt-2018-576-214	214	give	1447	GIVE	2
Bolt-2018-576-214	214	give	196	DONATE	2
#>>>					
Bolt-2018-576-215	215	go	695	GO	2
Bolt-2018-576-216	216	goat	1502	GOAT	2
Bolt-2018-576-217	217	goitre	1957	GOITER	4
Bolt-2018-576-218	218	gold	1369	GOLD	2
Bolt-2018-576-219	219	good	1035	GOOD	2
Bolt-2018-576-220	220	goral		???	
Bolt-2018-576-221	221	gourd	411	GOURD	2
Bolt-2018-576-222	222	grandfather	1383	GRANDFATHER	2
Bolt-2018-576-223	223	grandmother	1496	GRANDMOTHER	2
Bolt-2018-576-224	224	green	1425	GREEN	2
#<<<					
Bolt-2018-576-225	225	grind, pound	1033	GRIND	4
Bolt-2018-576-225	225	grind, pound	636	MILL	4
Bolt-2018-576-225	225	grind, pound	1665	BEAT	4
Bolt-2018-576-225	225	grind, pound	354	POUND	4
#>>>					
Bolt-2018-576-226	226	gum		???	
Bolt-2018-576-227	227	hail	609	HAIL	2
#<<<					
Bolt-2018-576-228	228	hair (body): feather	1201	FEATHER	4
Bolt-2018-576-228	228	hair (body): feather	2381	FEATHER OR FUR OR HAIR	4
Bolt-2018-576-228	228	hair (body): feather	189	HAIR (BODY)	4
Bolt-2018-576-228	228	hair (body): feather	2648	HAIR (HEAD)	4
Bolt-2018-576-228	228	hair (body): feather	2107	HAIR OR FOREHEAD	4
Bolt-2018-576-228	228	hair (body): feather	2678	HAIR OR FUR	4
Bolt-2018-576-228	228	hair (body): feather	1040	HAIR	4
Bolt-2018-576-228	228	hair (body): feather	2151	COARSE	4
#>>>					
Bolt-2018-576-229	229	hair (head)	2648	HAIR (HEAD)	2
#<<<					
Bolt-2018-576-230	230	halt, stop	1928	CEASE	4
Bolt-2018-576-230	230	halt, stop	2880	HALT (STOP)	4
#>>>					
Bolt-2018-576-231	231	hand, arm	2121	ARM OR HAND	2
Bolt-2018-576-232	232	hard	1884	HARD	2
#<<<					
Bolt-2018-576-233	233	hatch	3116	HATCH (OUT)	2
Bolt-2018-576-233	233	hatch	2075	BROOD (VERB)	2
#>>>					
Bolt-2018-576-234	234	head	1256	HEAD	2
Bolt-2018-576-235	235	heart	1223	HEART	2
Bolt-2018-576-236	236	hearth, fireplace	185	FIREPLACE	4
Bolt-2018-576-237	237	heavy	1210	HEAVY	2
Bolt-2018-576-238	238	here	136	HERE	2
#<<<					
Bolt-2018-576-239	239	hide	602	HIDE (CONCEAL)	2
Bolt-2018-576-239	239	hide	2485	HIDE (ONESELF)	2
Bolt-2018-576-239	239	hide	2486	HIDE	2
#>>>					
Bolt-2018-576-240	240	hold	1448	HOLD	2
Bolt-2018-576-241	241	honey	942	HONEY	2
#<<<					
Bolt-2018-576-242	242	horn	939	HORN (INSTRUMENT)	2
Bolt-2018-576-242	242	horn	1393	HORN (ANATOMY)	2
#>>>					
Bolt-2018-576-243	243	hornbill		???	
Bolt-2018-576-244	244	hornet		???	
Bolt-2018-576-245	245	horse	615	HORSE	2
Bolt-2018-576-246	246	horsefly		???	
Bolt-2018-576-247	247	house	1252	HOUSE	2
Bolt-2018-576-248	248	how many	822	HOW MANY	2
Bolt-2018-576-249	249	human being	683	PERSON	4
Bolt-2018-576-250	250	human being prefix		???	
Bolt-2018-576-251	251	hungry (vi)	1533	BE HUNGRY	4
Bolt-2018-576-252	252	hunter	1053	HUNTER	2
Bolt-2018-576-253	253	husband	1200	HUSBAND	2
Bolt-2018-576-254	254	ice	617	ICE	2
Bolt-2018-576-255	255	imperative		???	
Bolt-2018-576-256	256	in	1460	IN	2
Bolt-2018-576-257	257	Indo-Aryan person		???	
Bolt-2018-576-258	258	insect	620	INSECT	2
Bolt-2018-576-259	259	intestines	1991	INTESTINES	2
#<<<					
Bolt-2018-576-260	260	iron	3118	IRON (CLOTHES)	2
Bolt-2018-576-260	260	iron	621	IRON	2
#>>>					
Bolt-2018-576-261	261	itch	148	ITCH	2
Bolt-2018-576-262	262	jackal		???	
Bolt-2018-576-263	263	Jerigaon people		???	
Bolt-2018-576-264	264	jump	1829	JUMP	2
#<<<					
Bolt-2018-576-265	265	keep, remain	1997	PRESERVE	4
Bolt-2018-576-265	265	keep, remain	987	REMAIN	4
Bolt-2018-576-265	265	keep, remain	1477	KEEP	4
Bolt-2018-576-265	265	keep, remain	838	REMAINS	4
#>>>					
Bolt-2018-576-266	266	Khoitam people		???	
Bolt-2018-576-267	267	kick (v)	1135	KICK	3
Bolt-2018-576-268	268	kill	1417	KILL	2
#<<<					
Bolt-2018-576-269	269	kiss (n)	578	KISS	4
Bolt-2018-576-269	269	kiss (n)	375	SNIFF	4
#>>>					
Bolt-2018-576-270	270	knee	1371	KNEE	2
Bolt-2018-576-271	271	know	1410	KNOW (SOMETHING)	2
Bolt-2018-576-272	272	ladder	1464	LADDER	2
Bolt-2018-576-273	273	language	1307	LANGUAGE	2
Bolt-2018-576-274	274	langur		???	
Bolt-2018-576-275	275	lap		???	
#<<<					
Bolt-2018-576-276	276	late (vi)	425	BE LATE	4
Bolt-2018-576-276	276	late (vi)	477	LATE	4
#>>>					
Bolt-2018-576-277	277	laugh	1355	LAUGH	2
#<<<					
Bolt-2018-576-278	278	leaf	628	LEAF	2
Bolt-2018-576-278	278	leaf	2250	LEAF (LEAFLIKE OBJECT)	2
#>>>					
Bolt-2018-576-279	279	leaf litter		???	
#<<<					
Bolt-2018-576-280	280	leech, land	166	MAINLAND	4
Bolt-2018-576-280	280	leech, land	1228	EARTH (SOIL)	4
Bolt-2018-576-280	280	leech, land	1922	LAND (DESCEND)	4
Bolt-2018-576-280	280	leech, land	626	LAND	4
Bolt-2018-576-280	280	leech, land	1300	COUNTRY	4
Bolt-2018-576-280	280	leech, land	949	WATER LEECH	4
Bolt-2018-576-280	280	leech, land	2273	LEECH	4
#>>>					
#<<<					
Bolt-2018-576-281	281	leech, water	3078	IRRIGATE	4
Bolt-2018-576-281	281	leech, water	2273	LEECH	4
Bolt-2018-576-281	281	leech, water	1487	POUR	4
Bolt-2018-576-281	281	leech, water	2798	RIVER OR WATER	4
Bolt-2018-576-281	281	leech, water	949	WATER LEECH	4
Bolt-2018-576-281	281	leech, water	1401	DRINK	4
Bolt-2018-576-281	281	leech, water	948	WATER	4
#>>>					
Bolt-2018-576-282	282	left (side)	244	LEFT	2
Bolt-2018-576-283	283	leg	1297	LEG	2
Bolt-2018-576-284	284	lick	319	LICK	2
#<<<					
Bolt-2018-576-285	285	lie (n)	475	UNTRUTH	4
Bolt-2018-576-285	285	lie (n)	2826	LIE (FALSEHOOD)	4
Bolt-2018-576-285	285	lie (n)	601	LIE (MISLEAD)	4
Bolt-2018-576-285	285	lie (n)	1411	LIE (REST)	4
Bolt-2018-576-285	285	lie (n)	1416	SIT	4
Bolt-2018-576-285	285	lie (n)	215	LIE DOWN	4
#>>>					
#<<<					
Bolt-2018-576-286	286	lift completely, carry	700	CARRY	4
Bolt-2018-576-286	286	lift completely, carry	412	CARRY IN HAND	4
Bolt-2018-576-286	286	lift completely, carry	465	CARRY ON BACK	4
Bolt-2018-576-286	286	lift completely, carry	413	CARRY ON SHOULDER	4
Bolt-2018-576-286	286	lift completely, carry	1123	PREGNANT	4
#>>>					
#<<<					
Bolt-2018-576-287	287	light	1052	LIGHT (WEIGHT)	2
Bolt-2018-576-287	287	light	737	LIGHT (IGNITE)	2
Bolt-2018-576-287	287	light	630	LIGHT (RADIATION)	2
#>>>					
Bolt-2018-576-288	288	lightning	1654	LIGHTNING	2
#<<<					
Bolt-2018-576-289	289	like, love	1117	LIKE	4
Bolt-2018-576-289	289	like, love	2117	DESIRE	4
Bolt-2018-576-289	289	like, love	1558	SIMILAR	4
Bolt-2018-576-289	289	like, love	1784	WANT	4
Bolt-2018-576-289	289	like, love	923	LOVE	4
#>>>					
Bolt-2018-576-290	290	liquor	842	LIQUOR	2
#<<<					
Bolt-2018-576-291	291	listen, heed	1608	LISTEN	4
Bolt-2018-576-291	291	listen, heed	1408	HEAR	4
#>>>					
Bolt-2018-576-292	292	liver	1224	LIVER	2
#<<<					
Bolt-2018-576-293	293	live, stay	1422	BE ALIVE	4
Bolt-2018-576-293	293	live, stay	363	DWELL (LIVE, RESIDE)	4
Bolt-2018-576-293	293	live, stay	987	REMAIN	4
Bolt-2018-576-293	293	live, stay	2309	LIVE	4
#>>>					
Bolt-2018-576-294	294	load (n)	1679	LOAD	4
Bolt-2018-576-295	295	locative		???	
Bolt-2018-576-296	296	long	1203	LONG	2
Bolt-2018-576-297	297	look	1819	LOOK	2
#<<<					
Bolt-2018-576-298	298	louse	1392	LOUSE	2
Bolt-2018-576-298	298	louse	310	HEAD LOUSE	2
#>>>					
Bolt-2018-576-299	299	lungs	688	LUNG	2
Bolt-2018-576-300	300	macaque		???	
Bolt-2018-576-301	301	machete	2680	MACHETE	2
Bolt-2018-576-302	302	maize	506	MAIZE	2
#<<<					
Bolt-2018-576-303	303	make	734	MAKE	2
Bolt-2018-576-303	303	make	2575	DO OR MAKE	2
#>>>					
Bolt-2018-576-304	304	male	1553	MALE	2
Bolt-2018-576-305	305	man	1554	MAN	2
#<<<					
Bolt-2018-576-306	306	manure	676	SHIT (DEFECATE)	4
Bolt-2018-576-306	306	manure	2057	DUNG (ANIMAL FAECES)	4
#>>>					
Bolt-2018-576-307	307	marrow	1835	MARROW	2
Bolt-2018-576-308	308	marten		???	
Bolt-2018-576-309	309	meat, animal	2096	ANIMAL OR MEAT	2
Bolt-2018-576-310	310	medicine	1372	MEDICINE	2
Bolt-2018-576-311	311	meet	1831	MEET	2
Bolt-2018-576-312	312	melt	2334	MELT	2
#<<<					
Bolt-2018-576-313	313	middle / centre	1093	MIDDLE	4
Bolt-2018-576-313	313	middle / centre	491	CENTER	4
#>>>					
Bolt-2018-576-314	314	Miji people		???	
Bolt-2018-576-315	315	millet, broomcorn	931	MILLET	4
#<<<					
Bolt-2018-576-316	316	millet, finger	2120	FINGER OR TOE	4
Bolt-2018-576-316	316	millet, finger	1303	FINGER	4
Bolt-2018-576-316	316	millet, finger	931	MILLET	4
#>>>					
Bolt-2018-576-317	317	millet, foxtail	931	MILLET	4
Bolt-2018-576-318	318	mithun		???	
Bolt-2018-576-319	319	Monpa		???	
#<<<					
Bolt-2018-576-320	320	moon, month	1370	MONTH	4
Bolt-2018-576-320	320	moon, month	2463	MOON OR MONTH	4
Bolt-2018-576-320	320	moon, month	1313	MOON	4
#>>>					
Bolt-2018-576-321	321	morning	1339	MORNING	2
#<<<					
Bolt-2018-576-322	322	mortar (wood)	224	MORTAR CRUSHER	4
Bolt-2018-576-322	322	mortar (wood)	1731	MORTAR BINDER	4
#>>>					
Bolt-2018-576-323	323	mother	1216	MOTHER	2
Bolt-2018-576-324	324	mountain	639	MOUNTAIN	2
Bolt-2018-576-325	325	mountain peak		???	
Bolt-2018-576-326	326	mouse, rat	2139	MUROID (MOUSE OR RAT)	2
Bolt-2018-576-327	327	mouth	674	MOUTH	2
Bolt-2018-576-328	328	much	531	HOW MUCH	2
Bolt-2018-576-329	329	mud	640	MUD	2
Bolt-2018-576-330	330	mushroom	641	MUSHROOM	2
Bolt-2018-576-331	331	naga, serpent deity		???	
#<<<					
Bolt-2018-576-332	332	nail	502	NAIL (TOOL)	2
Bolt-2018-576-332	332	nail	1896	FINGERNAIL OR TOENAIL	2
#>>>					
#<<<					
Bolt-2018-576-333	333	name	180	CALL BY NAME	2
Bolt-2018-576-333	333	name	1405	NAME	2
#>>>					
Bolt-2018-576-334	334	Namshu people		???	
Bolt-2018-576-335	335	navel	1838	NAVEL	2
Bolt-2018-576-336	336	neck	1333	NECK	2
Bolt-2018-576-337	337	needle	1382	NEEDLE (FOR SEWING)	2
Bolt-2018-576-338	338	need to, have to		???	
Bolt-2018-576-339	339	negative prefix		???	
#<<<					
Bolt-2018-576-340	340	nest, hive, womb	804	WOMB	4
Bolt-2018-576-340	340	nest, hive, womb	539	NEST	4
#>>>					
Bolt-2018-576-341	341	net for fishing		???	
Bolt-2018-576-342	342	new	1231	NEW	2
Bolt-2018-576-343	343	night	1233	NIGHT	2
Bolt-2018-576-344	344	nine	1483	NINE	2
Bolt-2018-576-345	345	nomen agentis		???	
Bolt-2018-576-346	346	nominaliser		???	
Bolt-2018-576-347	347	noon	12	MIDDAY	2
Bolt-2018-576-348	348	nose	1221	NOSE	2
#<<<					
Bolt-2018-576-349	349	oil	1484	OIL (ORGANIC SUBSTANCE)	2
Bolt-2018-576-349	349	oil	2556	OIL (HYDROPHOBIC LIQUID)	2
#>>>					
Bolt-2018-576-350	350	okay		???	
#<<<					
Bolt-2018-576-351	351	old	2113	OLD (USED)	2
Bolt-2018-576-351	351	old	1229	OLD	2
Bolt-2018-576-351	351	old	2112	OLD (AGED)	2
#>>>					
Bolt-2018-576-352	352	one	1493	ONE	2
Bolt-2018-576-353	353	other	197	OTHER	2
Bolt-2018-576-354	354	otter	15	OTTER	2
Bolt-2018-576-355	355	outside	762	OUTSIDE	2
#<<<					
Bolt-2018-576-356	356	palm, sole1	1181	PALM TREE	4
Bolt-2018-576-356	356	palm, sole1	1183	PALM OF HAND	4
#>>>					
#<<<					
Bolt-2018-576-357	357	palm, sole2	1181	PALM TREE	4
Bolt-2018-576-357	357	palm, sole2	1183	PALM OF HAND	4
#>>>					
Bolt-2018-576-358	358	pangolin	2508	PANGOLIN	2
Bolt-2018-576-359	359	partridge		???	
#<<<					
Bolt-2018-576-360	360	path, road	667	ROAD	4
Bolt-2018-576-360	360	path, road	2457	PATH OR ROAD	4
Bolt-2018-576-360	360	path, road	2252	PATH	4
#>>>					
Bolt-2018-576-361	361	patient marker		???	
#<<<					
Bolt-2018-576-362	362	peas	2574	BEAN OR PEA	4
Bolt-2018-576-362	362	peas	2025	PEA	4
#>>>					
Bolt-2018-576-363	363	penis	1222	PENIS	2
Bolt-2018-576-364	364	pheasant, kalij	3060	PHEASANT	4
Bolt-2018-576-365	365	pheasant, tragopan	3060	PHEASANT	4
#<<<					
Bolt-2018-576-366	366	pig	2564	PIGLET	2
Bolt-2018-576-366	366	pig	1337	PIG	2
#>>>					
Bolt-2018-576-367	367	pillow	1044	PILLOW	2
Bolt-2018-576-368	368	pinch	378	PINCH	2
Bolt-2018-576-369	369	pine kindle		???	
#<<<					
Bolt-2018-576-370	370	plait	1729	PLAIT OR BRAID OR WEAVE	2
Bolt-2018-576-370	370	plait	333	PLAIT	2
#>>>					
#<<<					
Bolt-2018-576-371	371	plant  (vt)	1486	PLANT (SOMETHING)	4
Bolt-2018-576-371	371	plant  (vt)	653	PLANT (VEGETATION)	4
#>>>					
Bolt-2018-576-372	372	play	1413	PLAY	2
Bolt-2018-576-373	373	plough (v)	1921	PLOUGH	3
Bolt-2018-576-374	374	plural		???	
Bolt-2018-576-375	375	poison	655	POISON	2
Bolt-2018-576-376	376	porcupine	2510	PORCUPINE	2
Bolt-2018-576-377	377	potato-bean		???	
Bolt-2018-576-378	378	pour	1487	POUR	2
#<<<					
Bolt-2018-576-379	379	present	196	DONATE	4
Bolt-2018-576-379	379	present	1579	BE	4
#>>>					
Bolt-2018-576-380	380	prohibitive prefix		???	
Bolt-2018-576-381	381	pull1		???	
Bolt-2018-576-382	382	pull2		???	
Bolt-2018-576-383	383	pulse		???	
Bolt-2018-576-384	384	pumpkin	864	PUMPKIN	2
Bolt-2018-576-385	385	Puroik		???	
Bolt-2018-576-386	386	pus	1808	PUS	2
Bolt-2018-576-387	387	push	1452	PUSH	2
Bolt-2018-576-388	388	put	998	PUT	2
Bolt-2018-576-389	389	quarrel (v)	1848	QUARREL	3
Bolt-2018-576-390	390	question		???	
Bolt-2018-576-391	391	quiver	52	SHIVER	2
Bolt-2018-576-392	392	radish	2365	RADISH	4
Bolt-2018-576-393	393	Rahung, people of		???	
Bolt-2018-576-394	394	rainbow	1733	RAINBOW	2
Bolt-2018-576-395	395	rain (n)	658	RAIN (PRECIPITATION)	2
Bolt-2018-576-396	396	reap	1827	HARVEST CROPS	2
Bolt-2018-576-397	397	recognise		???	
Bolt-2018-576-398	398	red	156	RED	2
Bolt-2018-576-399	399	reflexive marker		???	
#<<<					
Bolt-2018-576-400	400	rest (n)	2116	REST OR SLEEP	4
Bolt-2018-576-400	400	rest (n)	2994	SUPPORT (OF OBJECT)	4
Bolt-2018-576-400	400	rest (n)	168	REST	4
#>>>					
Bolt-2018-576-401	401	rib	801	RIB	2
#<<<					
Bolt-2018-576-402	402	rice, husked	2026	RICE PLANT	4
Bolt-2018-576-402	402	rice, husked	926	RICE	4
Bolt-2018-576-402	402	rice, husked	1486	PLANT (SOMETHING)	4
Bolt-2018-576-402	402	rice, husked	1191	COOKED RICE	4
#>>>					
#<<<					
Bolt-2018-576-403	403	rice, unhusked, paddy	2026	RICE PLANT	4
Bolt-2018-576-403	403	rice, unhusked, paddy	140	PADDY FIELD	4
Bolt-2018-576-403	403	rice, unhusked, paddy	926	RICE	4
Bolt-2018-576-403	403	rice, unhusked, paddy	283	PADDY	4
Bolt-2018-576-403	403	rice, unhusked, paddy	1486	PLANT (SOMETHING)	4
Bolt-2018-576-403	403	rice, unhusked, paddy	1191	COOKED RICE	4
#>>>					
#<<<					
Bolt-2018-576-404	404	ride, mount	705	GO UP (ASCEND)	4
Bolt-2018-576-404	404	ride, mount	367	RIDE	4
#>>>					
#<<<					
Bolt-2018-576-405	405	right	2183	RIGHT HAND	2
Bolt-2018-576-405	405	right	1019	RIGHT	2
Bolt-2018-576-405	405	right	1725	CORRECT (RIGHT)	2
#>>>					
Bolt-2018-576-406	406	ripe	178	RIPE	2
Bolt-2018-576-407	407	roof	769	ROOF	2
Bolt-2018-576-408	408	root	670	ROOT	2
Bolt-2018-576-409	409	rope	1218	ROPE	2
#<<<					
Bolt-2018-576-410	410	rot (vi)	569	SPOIL (BECOME SPOILED)	4
Bolt-2018-576-410	410	rot (vi)	2907	ROT	4
#>>>					
#<<<					
Bolt-2018-576-411	411	round, small object	1395	ROUND	4
Bolt-2018-576-411	411	round, small object	2303	SPHERICAL (ROUND IN THREE DIMENSIONS)	4
Bolt-2018-576-411	411	round, small object	2302	CIRCULAR (ROUND IN TWO DIMENSIONS)	4
#>>>					
Bolt-2018-576-412	412	rub	1449	RUB	2
#<<<					
Bolt-2018-576-413	413	rub; sharpen	251	SHARPEN (SOMETHING)	4
Bolt-2018-576-413	413	rub; sharpen	1449	RUB	4
#>>>					
Bolt-2018-576-414	414	run	1519	RUN	2
Bolt-2018-576-415	415	sago	2270	SAGO	2
Bolt-2018-576-416	416	saliva	1503	SALIVA	2
Bolt-2018-576-417	417	salt	1274	SALT	2
#<<<					
Bolt-2018-576-418	418	same, equal	200	SAME	4
Bolt-2018-576-418	418	same, equal	1570	EQUAL	4
#>>>					
Bolt-2018-576-419	419	sand	671	SAND	2
Bolt-2018-576-420	420	say	1458	SAY	2
Bolt-2018-576-421	421	scratch1		???	
Bolt-2018-576-422	422	scratch2		???	
Bolt-2018-576-423	423	search	1468	LOOK FOR	2
Bolt-2018-576-424	424	see	1409	SEE	2
Bolt-2018-576-425	425	seed	714	SEED	2
Bolt-2018-576-426	426	serow		???	
Bolt-2018-576-427	427	settle		???	
Bolt-2018-576-428	428	seven	1704	SEVEN	2
Bolt-2018-576-429	429	sew	1457	SEW	2
Bolt-2018-576-430	430	shade	1388	SHADE	2
Bolt-2018-576-431	431	shake1		???	
Bolt-2018-576-432	432	shake2		???	
Bolt-2018-576-433	433	sharp1		???	
Bolt-2018-576-434	434	sharp2	1396	SHARP	2
Bolt-2018-576-435	435	sheep	1331	SHEEP	2
Bolt-2018-576-436	436	shelf	745	SHELF	2
Bolt-2018-576-437	437	Sherdukpen		???	
Bolt-2018-576-438	438	Shergaon, people of		???	
Bolt-2018-576-439	439	shoe, footwear	1381	SHOE	4
Bolt-2018-576-440	440	shoot	1172	SHOOT	2
Bolt-2018-576-441	441	short	1645	SHORT	2
Bolt-2018-576-442	442	shoulder	1482	SHOULDER	2
#<<<					
Bolt-2018-576-443	443	shy, ashamed (vi)	487	SHY	4
Bolt-2018-576-443	443	shy, ashamed (vi)	1894	ASHAMED	4
#>>>					
#<<<					
Bolt-2018-576-444	444	sick (vi)	1847	SICK	4
Bolt-2018-576-444	444	sick (vi)	1494	DIE	4
Bolt-2018-576-444	444	sick (vi)	2103	PAINFUL OR SICK	4
#>>>					
Bolt-2018-576-445	445	silver	759	SILVER	2
Bolt-2018-576-446	446	sing	1261	SING	2
#<<<					
Bolt-2018-576-447	447	sister, elder	2420	YOUNGER SISTER (OF MAN)	4
Bolt-2018-576-447	447	sister, elder	2421	YOUNGER SISTER (OF WOMAN)	4
Bolt-2018-576-447	447	sister, elder	1761	YOUNGER SISTER	4
Bolt-2018-576-447	447	sister, elder	2418	OLDER SISTER (OF MAN)	4
Bolt-2018-576-447	447	sister, elder	2419	OLDER SISTER (OF WOMAN)	4
Bolt-2018-576-447	447	sister, elder	1758	OLDER SISTER	4
Bolt-2018-576-447	447	sister, elder	2170	PATERNAL AUNT (WIFE OF FATHER'S OLDER BROTHER)	4
Bolt-2018-576-447	447	sister, elder	561	SISTER (OF MAN)	4
Bolt-2018-576-447	447	sister, elder	562	SISTER (OF WOMAN)	4
Bolt-2018-576-447	447	sister, elder	2173	PATERNAL UNCLE (FATHER'S OLDER BROTHER)	4
Bolt-2018-576-447	447	sister, elder	1263	SISTER	4
Bolt-2018-576-447	447	sister, elder	2112	OLD (AGED)	4
#>>>					
Bolt-2018-576-448	448	sister-in-law	2317	SISTER-IN-LAW	2
#<<<					
Bolt-2018-576-449	449	sister, younger1	2421	YOUNGER SISTER (OF WOMAN)	4
Bolt-2018-576-449	449	sister, younger1	561	SISTER (OF MAN)	4
Bolt-2018-576-449	449	sister, younger1	562	SISTER (OF WOMAN)	4
Bolt-2018-576-449	449	sister, younger1	2418	OLDER SISTER (OF MAN)	4
Bolt-2018-576-449	449	sister, younger1	1263	SISTER	4
Bolt-2018-576-449	449	sister, younger1	2419	OLDER SISTER (OF WOMAN)	4
Bolt-2018-576-449	449	sister, younger1	2420	YOUNGER SISTER (OF MAN)	4
Bolt-2018-576-449	449	sister, younger1	1758	OLDER SISTER	4
Bolt-2018-576-449	449	sister, younger1	1761	YOUNGER SISTER	4
#>>>					
#<<<					
Bolt-2018-576-450	450	sister, younger2	2421	YOUNGER SISTER (OF WOMAN)	4
Bolt-2018-576-450	450	sister, younger2	561	SISTER (OF MAN)	4
Bolt-2018-576-450	450	sister, younger2	562	SISTER (OF WOMAN)	4
Bolt-2018-576-450	450	sister, younger2	2418	OLDER SISTER (OF MAN)	4
Bolt-2018-576-450	450	sister, younger2	1263	SISTER	4
Bolt-2018-576-450	450	sister, younger2	2419	OLDER SISTER (OF WOMAN)	4
Bolt-2018-576-450	450	sister, younger2	2420	YOUNGER SISTER (OF MAN)	4
Bolt-2018-576-450	450	sister, younger2	1758	OLDER SISTER	4
Bolt-2018-576-450	450	sister, younger2	1761	YOUNGER SISTER	4
#>>>					
Bolt-2018-576-451	451	sit	1416	SIT	2
Bolt-2018-576-452	452	six	1703	SIX	2
Bolt-2018-576-453	453	skin, bark	2127	BARK OR SKIN	2
Bolt-2018-576-454	454	sky	1732	SKY	2
#<<<					
Bolt-2018-576-455	455	sleep	1585	SLEEP	2
Bolt-2018-576-455	455	sleep	2972	SLEEP (STATE)	2
#>>>					
#<<<					
Bolt-2018-576-456	456	slowly	701	SLOW	2
Bolt-2018-576-456	456	slowly	2165	SLOWLY	2
#>>>					
Bolt-2018-576-457	457	small1		???	
Bolt-2018-576-458	458	small2		???	
Bolt-2018-576-459	459	smell1 (vi)		???	
Bolt-2018-576-460	460	smell2 (vi)		???	
#<<<					
Bolt-2018-576-461	461	smell (n)	1221	NOSE	4
Bolt-2018-576-461	461	smell (n)	1586	SMELL (PERCEIVE)	4
Bolt-2018-576-461	461	smell (n)	2201	LIGHT (SMELL OR TASTE)	4
Bolt-2018-576-461	461	smell (n)	1587	SMELL (STINK)	4
Bolt-2018-576-461	461	smell (n)	2124	SMELL	4
Bolt-2018-576-461	461	smell (n)	1906	SOUR	4
Bolt-2018-576-461	461	smell (n)	510	STRONG EFFECT	4
#>>>					
#<<<					
Bolt-2018-576-462	462	smoke	1689	SMOKE (INHALE)	2
Bolt-2018-576-462	462	smoke	2859	SMOKE (EMIT SMOKE)	2
Bolt-2018-576-462	462	smoke	778	SMOKE (EXHAUST)	2
#>>>					
Bolt-2018-576-463	463	snake	730	SNAKE	2
Bolt-2018-576-464	464	snatch away		???	
#<<<					
Bolt-2018-576-465	465	snow	1255	SNOWING	2
Bolt-2018-576-465	465	snow	784	SNOW	2
#>>>					
Bolt-2018-576-466	466	soda ash		???	
#<<<					
Bolt-2018-576-467	467	soft / smooth	1234	SMOOTH	4
Bolt-2018-576-467	467	soft / smooth	1856	SOFT	4
#>>>					
Bolt-2018-576-468	468	soil, earth	1228	EARTH (SOIL)	2
Bolt-2018-576-469	469	son	1620	SON	2
Bolt-2018-576-470	470	song1		???	
Bolt-2018-576-471	471	song2		???	
Bolt-2018-576-472	472	son-in-law	1056	SON-IN-LAW	2
#<<<					
Bolt-2018-576-473	473	soup, liquid, broth, juice	58	LIQUID	4
Bolt-2018-576-473	473	soup, liquid, broth, juice	1547	SOUP	4
Bolt-2018-576-473	473	soup, liquid, broth, juice	2268	POTION	4
Bolt-2018-576-473	473	soup, liquid, broth, juice	1499	JUICE	4
#>>>					
Bolt-2018-576-474	474	sour	1906	SOUR	2
#<<<					
Bolt-2018-576-475	475	sow, broadcast1	1351	SOW (FEMALE PIG)	4
Bolt-2018-576-475	475	sow, broadcast1	748	SOW SEEDS	4
#>>>					
#<<<					
Bolt-2018-576-476	476	sow, broadcast2	1351	SOW (FEMALE PIG)	4
Bolt-2018-576-476	476	sow, broadcast2	748	SOW SEEDS	4
#>>>					
Bolt-2018-576-477	477	soybean	2027	SOYA	2
Bolt-2018-576-478	478	sparrow	1854	SPARROW	2
Bolt-2018-576-479	479	speak	1623	SPEAK	2
Bolt-2018-576-480	480	spear	945	SPEAR	2
Bolt-2018-576-481	481	spicy, pungent	544	SPICY	4
Bolt-2018-576-482	482	spider	843	SPIDER	2
#<<<					
Bolt-2018-576-483	483	spirit, soul, shadow	1388	SHADE	4
Bolt-2018-576-483	483	spirit, soul, shadow	53	SPIRIT	4
Bolt-2018-576-483	483	spirit, soul, shadow	811	SOUL	4
Bolt-2018-576-483	483	spirit, soul, shadow	2275	SHADOW	4
#>>>					
Bolt-2018-576-484	484	spit	1440	SPIT	2
#<<<					
Bolt-2018-576-485	485	spittle, spit	1503	SALIVA	4
Bolt-2018-576-485	485	spittle, spit	1440	SPIT	4
Bolt-2018-576-485	485	spittle, spit	1456	THROW	4
#>>>					
Bolt-2018-576-486	486	split1		???	
Bolt-2018-576-487	487	split2		???	
Bolt-2018-576-488	488	squirrel	1628	SQUIRREL	2
#<<<					
Bolt-2018-576-489	489	squirrel, flying	1628	SQUIRREL	4
Bolt-2018-576-489	489	squirrel, flying	1441	FLY (MOVE THROUGH AIR)	4
#>>>					
Bolt-2018-576-490	490	stab	1434	STAB	2
Bolt-2018-576-491	491	stand (up)	1442	STAND	4
Bolt-2018-576-492	492	star	1430	STAR	2
Bolt-2018-576-493	493	steal	713	STEAL	2
Bolt-2018-576-494	494	steam	1193	STEAM	2
Bolt-2018-576-495	495	stich		???	
Bolt-2018-576-496	496	stick	1295	STICK	2
#<<<					
Bolt-2018-576-497	497	stone	857	STONE	2
Bolt-2018-576-497	497	stone	1762	STONE (OF FRUIT)	2
Bolt-2018-576-497	497	stone	668	ROCK	2
#>>>					
Bolt-2018-576-498	498	story	2060	STORY	2
Bolt-2018-576-499	499	straight	1404	STRAIGHT	2
#<<<					
Bolt-2018-576-500	500	stump (tree)	1023	STUMP OF TREE	4
Bolt-2018-576-500	500	stump (tree)	241	TREE STUMP	4
#>>>					
Bolt-2018-576-501	501	suck1		???	
Bolt-2018-576-502	502	suck2		???	
Bolt-2018-576-503	503	sugarcane	146	SUGAR CANE	2
#<<<					
Bolt-2018-576-504	504	sun, day	1260	DAY (24 HOURS)	4
Bolt-2018-576-504	504	sun, day	1225	DAY (NOT NIGHT)	4
Bolt-2018-576-504	504	sun, day	1343	SUN	4
Bolt-2018-576-504	504	sun, day	2140	DAY OR SUN	4
Bolt-2018-576-504	504	sun, day	1283	TODAY	4
#>>>					
#<<<					
Bolt-2018-576-505	505	swallow	3077	SWALLOW (BIRD)	2
Bolt-2018-576-505	505	swallow	1346	THROAT	2
Bolt-2018-576-505	505	swallow	897	SWALLOW	2
#>>>					
Bolt-2018-576-506	506	sweet	717	SWEET	2
Bolt-2018-576-507	507	swell	1573	SWELL	2
Bolt-2018-576-508	508	tail	1220	TAIL	2
Bolt-2018-576-509	509	take	1749	TAKE	2
Bolt-2018-576-510	510	takin		???	
Bolt-2018-576-511	511	taro	351	TARO	2
Bolt-2018-576-512	512	tasty	1813	TASTY	2
#<<<					
Bolt-2018-576-513	513	tear (vt)	1651	TEAR (OF EYE)	4
Bolt-2018-576-513	513	tear (vt)	1735	TEAR (SHRED)	4
#>>>					
Bolt-2018-576-514	514	tell	1711	TELL	2
Bolt-2018-576-515	515	ten	1515	TEN	2
Bolt-2018-576-516	516	that	78	THAT	2
Bolt-2018-576-517	517	that side		???	
Bolt-2018-576-518	518	Thembang people		???	
#<<<					
Bolt-2018-576-519	519	thick	1244	THICK	2
Bolt-2018-576-519	519	thick	2239	DENSE	2
#>>>					
Bolt-2018-576-520	520	thief	1160	THIEF	2
Bolt-2018-576-521	521	thigh	800	THIGH	2
#<<<					
Bolt-2018-576-522	522	thin	1400	THIN (SLIM)	2
Bolt-2018-576-522	522	thin	2308	THIN	2
Bolt-2018-576-522	522	thin	2306	THIN (OF LEAF AND CLOTH)	2
Bolt-2018-576-522	522	thin	2249	THIN (OF SHAPE OF OBJECT)	2
#>>>					
Bolt-2018-576-523	523	thing	738	THING	2
#<<<					
Bolt-2018-576-524	524	think	2271	THINK	2
Bolt-2018-576-524	524	think	1415	THINK (REFLECT)	2
#>>>					
Bolt-2018-576-525	525	thirsty (vi)	847	THIRSTY	4
Bolt-2018-576-526	526	this	1214	THIS	2
Bolt-2018-576-527	527	thorn	124	THORN	2
Bolt-2018-576-528	528	thousand	1843	THOUSAND	2
Bolt-2018-576-529	529	thread	1161	THREAD	2
Bolt-2018-576-530	530	three	492	THREE	2
Bolt-2018-576-531	531	throw	1456	THROW	2
#<<<					
Bolt-2018-576-532	532	thunder (vi)	2378	THUNDER (VERB)	4
Bolt-2018-576-532	532	thunder (vi)	1150	THUNDER	4
Bolt-2018-576-532	532	thunder (vi)	1732	SKY	4
#>>>					
Bolt-2018-576-533	533	tie (vt)	1917	TIE	4
Bolt-2018-576-534	534	tiger	846	TIGER	2
#<<<					
Bolt-2018-576-535	535	till (hoe)	1541	CULTIVATE	4
Bolt-2018-576-535	535	till (hoe)	1882	BEFORE	4
#>>>					
Bolt-2018-576-536	536	tired (vi)	1757	TIRED	4
Bolt-2018-576-537	537	today	1283	TODAY	2
Bolt-2018-576-538	538	together with		???	
Bolt-2018-576-539	539	tomorrow	1329	TOMORROW	2
Bolt-2018-576-540	540	tongue	1205	TONGUE	2
Bolt-2018-576-541	541	tooth	1380	TOOTH	2
Bolt-2018-576-542	542	trivet		???	
#<<<					
Bolt-2018-576-543	543	trunk (tree)	344	TREE TRUNK	4
Bolt-2018-576-543	543	trunk (tree)	1465	BOX	4
Bolt-2018-576-543	543	trunk (tree)	2667	TORSO	4
#>>>					
Bolt-2018-576-544	544	tuber	670	ROOT	4
Bolt-2018-576-545	545	tusk	2495	ELEPHANT TUSK	2
Bolt-2018-576-546	546	twenty	1710	TWENTY	2
Bolt-2018-576-547	547	twist	430	TWIST	2
Bolt-2018-576-548	548	two	1498	TWO	2
#<<<					
Bolt-2018-576-549	549	under, below	1485	BELOW OR UNDER	4
Bolt-2018-576-549	549	under, below	415	CARRY UNDER ARM	4
Bolt-2018-576-549	549	under, below	2094	DOWN OR BELOW	4
Bolt-2018-576-549	549	under, below	690	BOTTOM	4
#>>>					
#<<<					
Bolt-2018-576-550	550	up; ascend	2379	UP OR ABOVE	4
Bolt-2018-576-550	550	up; ascend	705	GO UP (ASCEND)	4
Bolt-2018-576-550	550	up; ascend	1591	UP	4
#>>>					
Bolt-2018-576-551	551	uproot		???	
Bolt-2018-576-552	552	up there1		???	
Bolt-2018-576-553	553	up there2		???	
Bolt-2018-576-554	554	urine	1142	URINE	2
Bolt-2018-576-555	555	vagina	1836	VAGINA	2
Bolt-2018-576-556	556	vegetable, leafy	924	VEGETABLES	4
Bolt-2018-576-557	557	veranda		???	
Bolt-2018-576-558	558	village	930	VILLAGE	2
Bolt-2018-576-559	559	vomit	1278	VOMIT	2
Bolt-2018-576-560	560	waist	1681	WAIST	2
Bolt-2018-576-561	561	wait1		???	
Bolt-2018-576-562	562	wait2		???	
Bolt-2018-576-563	563	wake up	1602	WAKE UP	2
Bolt-2018-576-564	564	walking stick	1296	WALKING STICK	2
#<<<					
Bolt-2018-576-565	565	walk, move, go	765	MOVE	4
Bolt-2018-576-565	565	walk, move, go	142	RETURN HOME	4
Bolt-2018-576-565	565	walk, move, go	2450	FOOT OR WALK	4
Bolt-2018-576-565	565	walk, move, go	695	GO	4
Bolt-2018-576-565	565	walk, move, go	2874	MOVE (ONESELF)	4
Bolt-2018-576-565	565	walk, move, go	2739	WALK (CLASSIFIER)	4
Bolt-2018-576-565	565	walk, move, go	2979	WALK (MANNER)	4
Bolt-2018-576-565	565	walk, move, go	2890	WALK (TAKE A WALK)	4
Bolt-2018-576-565	565	walk, move, go	2873	MOVE (AFFECT EMOTIONALLY)	4
Bolt-2018-576-565	565	walk, move, go	1443	WALK	4
#>>>					
Bolt-2018-576-566	566	walnut	2042	WALNUT	2
#<<<					
Bolt-2018-576-567	567	warm, hot (adj.)	544	SPICY	4
Bolt-2018-576-567	567	warm, hot (adj.)	2110	WARM (OF WEATHER)	4
Bolt-2018-576-567	567	warm, hot (adj.)	1232	WARM	4
Bolt-2018-576-567	567	warm, hot (adj.)	2272	HOT OR WARM	4
Bolt-2018-576-567	567	warm, hot (adj.)	1385	PEPPER	4
Bolt-2018-576-567	567	warm, hot (adj.)	1286	HOT	4
#>>>					
#<<<					
Bolt-2018-576-568	568	warm, hot (vi)	544	SPICY	4
Bolt-2018-576-568	568	warm, hot (vi)	2110	WARM (OF WEATHER)	4
Bolt-2018-576-568	568	warm, hot (vi)	1232	WARM	4
Bolt-2018-576-568	568	warm, hot (vi)	2272	HOT OR WARM	4
Bolt-2018-576-568	568	warm, hot (vi)	1385	PEPPER	4
Bolt-2018-576-568	568	warm, hot (vi)	1286	HOT	4
#>>>					
Bolt-2018-576-569	569	wash1		???	
Bolt-2018-576-570	570	wash2	1453	WASH	2
#<<<					
Bolt-2018-576-571	571	water	948	WATER	2
Bolt-2018-576-571	571	water	3078	IRRIGATE	2
Bolt-2018-576-571	571	water	1487	POUR	2
#>>>					
Bolt-2018-576-572	572	wealthy		???	
Bolt-2018-576-573	573	wear	976	WEAR	2
Bolt-2018-576-574	574	weave	133	WEAVE	2
Bolt-2018-576-575	575	weed, grass	606	GRASS	4
Bolt-2018-576-576	576	wet1		???	
Bolt-2018-576-577	577	wet2	1726	WET	2
Bolt-2018-576-578	578	wheat	1077	WHEAT	2
Bolt-2018-576-579	579	when	1238	WHEN	2
Bolt-2018-576-580	580	where	1237	WHERE	2
Bolt-2018-576-581	581	white	1335	WHITE	2
Bolt-2018-576-582	582	who	1235	WHO	2
Bolt-2018-576-583	583	wife	1199	WIFE	2
Bolt-2018-576-584	584	wind	960	WIND	2
Bolt-2018-576-585	585	window	1375	WINDOW	2
Bolt-2018-576-586	586	wing	1257	WING	2
Bolt-2018-576-587	587	wipe	1454	WIPE	2
Bolt-2018-576-588	588	woman	962	WOMAN	2
Bolt-2018-576-589	589	wood	1803	WOOD	2
Bolt-2018-576-590	590	wool	964	WOOL	2
Bolt-2018-576-591	591	word	1599	WORD	2
#<<<					
Bolt-2018-576-592	592	work	984	WORK (LABOUR)	2
Bolt-2018-576-592	592	work	2281	WORKING OR WORK	2
Bolt-2018-576-592	592	work	1086	WORK (ACTIVITY)	2
#>>>					
#<<<					
Bolt-2018-576-593	593	wring, squeeze	1414	SQUEEZE	4
Bolt-2018-576-593	593	wring, squeeze	93	DRAW MILK	4
#>>>					
Bolt-2018-576-594	594	year	1226	YEAR	2
Bolt-2018-576-595	595	year, next	515	NEXT YEAR	2
Bolt-2018-576-596	596	year, this	513	THIS YEAR	2
Bolt-2018-576-597	597	yellow	1424	YELLOW	2
Bolt-2018-576-598	598	yesterday	1174	YESTERDAY	2
#	482/598	81%		

