a	^	400	sharp	sharp / bad / son-in-law / when / mother / brother-in-law / grandmother / father / brother (elder) / sister-in-law / good / male / white / in / black / name / long / fat (n) / empty / wife / thick / branch / intestines / pus / far / big / fast / leaf / straight / old / hair (body): feather / tail / seed / heavy / husband / gall, bile / much / right / tasty / warm, hot (adj.) / cold / hard / son / brother, younger / brain / female / child / egg / marrow / all / dirty / daughter-in-law / other / few, little / sister, elder / full / new / sister, younger / deep / wet / spirit, soul, shadow / grandfather / above, top / yellow / sweet / liver / clean / alive, healthy / ripe / same, equal / middle / centre / small / outside / bitter (vi) / rest (n) / root / forest / soup, liquid, broth, juice / steam / left (side) / where / how many / rice, unhusked, paddy / meat, animal / flame / sour / thin / bone / red
n ə	^	59	sun, day	sun, day / flour / night / millet, foxtail / sky / millet, broomcorn / nose / wind / snow / rain (n) / tooth / morning / mouth / rice, unhusked, paddy / child / wing / dragon, thunder, lightning / otter / path, road / Indo-Aryan person / chin / neck / hail / lightning
a		56	soft / smooth	soft / smooth / light / small / short / thin / round, small object / slowly / outside / sister, younger / finger / deep / beautiful / bee / where / tasty / all / soup, liquid, broth, juice / sister-in-law / hungry (vi) / meat, animal / how many / alive, healthy
s	^	55	mouse, rat	mouse, rat / bear / boar, wild / horse / lie (n) / sheep / skin, bark / bone / soybean / pillow / cattle, cow / elephant / heart / deer, barking / liver / cloud, mist, fog / Puroik / that / rope / civet, palm / pig
m ə	^	52	walnut	walnut / sister, younger / belt / radish / fruit / banana / deity, ghost / tomorrow / forehead / thing / eggplant / sugarcane / maize / amaranth / flour / cucumber / wheat / wing / chest / charcoal / jackal
d u		42	soft / smooth	soft / smooth / light / thin / small / short / slowly / beautiful / civet or spotted wild cat / finger / push / son / tasty / trivet / sister, younger
u	^	39	sharp	sharp / spirit, soul, shadow / black / wife / bad / wet / warm, hot (adj.) / heavy / male / long / right / daughter-in-law / female / clean / leaf / son / beautiful / new / alive, healthy / outside / husband
ɔ	^	38	green	green / dry (adj.) / fat (n) / cold / old / red / new / that side / big / brother, younger / soup, liquid, broth, juice / middle / centre / tasty / thick / egg / outside / spirit, soul, shadow / this / good / alive, healthy
dʑ i		37	other	other / reflexive marker / human being prefix / Khoitam people / Rahung, people of / Jerigaon people / Namshu people / Sherdukpen / Thembang people / all / Miji people
s ə	^	35	serow	serow / belly, abdomen / heart / porcupine / mithun / deer, barking / gum / buffalo / bone / goral / goat / Bugun / brain / takin / leaf litter / mouth / skin, bark / civet, palm
ɕ a	^	32	bear	bear / porcupine / bone / goral / mithun / serow / brain / soybean / boar, wild / skin, bark / hunter / langur / pig / sheep / deer, sambar / liver / small / macaque / gall, bile
kʰ	^	29	head	head / mud / millet, finger / cap, hat / frying pan / wet / soda ash / ear / gourd / buckwheat, sweet / friend / thirsty (vi) / sand
n a m	^	29	moon, month	moon, month / frost / cat / night / wind / snow / tomorrow / lightning / rain (n) / shake
dʑ ə	^	28	woman	woman / man / human being / buckwheat, bitter / Monpa / bat / buffalo / deep / deer, sambar / goral / goat
b a	$	27	ripe	ripe / spicy, pungent / stump (tree) / peas / full / moon, month / sour / beans / manure / father / same, equal / frost / pheasant, tragopan / cotton / leaf litter
d ə	^	26	daughter	daughter / bastard / nine / goitre / Indo-Aryan person / hornet / fodder / trivet / hornbill / star / behind / liver / vegetable, leafy / mouth / after
b ə	^	25	thorn	thorn / snake / fly (n) / wheat / eagle, buzzard / pheasant, kalij / dog / chicken / left (side) / tomorrow / crow / four / charcoal
pʰ	^	24	snake	snake / dog / chicken / leech, water / thing / eggplant / fly (n) / wet / neck / sugarcane / rain (n) / banana / tooth / maize
g ə	^	21	hair (head)	hair (head) / walking stick / millet, finger / buckwheat, sweet / cap, hat / ear / brother (elder) / boil (n) / mud
l a		21	kick (v)	kick (v) / mountain / deity, ghost / horsefly / knee / trunk (tree) / fetch / leg / palm, sole / Rahung, people of
m a	^	20	cucumber	cucumber / pumpkin / eggplant / walnut / garlic / nose / maize / radish / sugarcane / chest / forehead / marrow / banana / chin
n a	^	20	2pl.incl	2pl.incl / 2pl.excl / sun, day / sky / back (n) / night / wind / snow / hail / rain (n)
b a		20	fire prefix	fire prefix / nominaliser / copula, existential / lightning / negative prefix / year, next / alive, healthy / charcoal / fire
tʰ u ŋ	$	18	cap, hat	cap, hat / bear / neck / ladder / ear / waist / tooth
kʰ uː		17	under, below	under, below / five / shake / chin
m yː	$	17	woman	woman / sky / daughter / sun, day
b a	^	16	smoke	smoke / pine kindle / charcoal / copula, negative / thorn / sour
tɕʰ a k		16	settle	settle / bitter (vi) / taro / cliff, ravine
kʰ yː	$	16	nine	nine / smoke / creeper, vine
m uː	$	16	female	female / mother / buckwheat, bitter / mithun
z yː		15	melt	melt / grind, pound / rub; sharpen / suck / goat
n yː	$	15	child	child / brain / marrow / sun, day
l a k		15	penis	penis / lick / round, small object / left (side)
t u	$	15	horse	horse / frog / same, equal / mouse, rat
l uː	$	15	radish	radish / day after tomorrow / today
l ə	^	15	ladder	ladder / thigh / shoulder / back (wards) / path, road / nose / wing / shoe, footwear / knee / day after two days / day after tomorrow
i k		14	hand, arm	hand, arm / elbow / finger
b u		14	year, this	year, this / carry / year, next / fire prefix / spider / navel / round, small object / cotton
r i ŋ	$	14	sister, younger	sister, younger / belly, abdomen / human being / long
h i ŋ		14	wood	wood / trunk (tree) / fall / stump (tree)
i k	^	14	nail	nail / palm, sole / finger
l a	^	14	after	after / behind / thigh / manure / back (wards) / veranda / ladder
b yː	$	14	cat	cat / eye / other / sister, elder
kʰ a	^	13	eye	eye / soda ash / saliva / mud / wet / boil (n) / gourd / beer strainer
l i		13	bow	bow / elbow / seed / quiver / do
t u ŋ		13	year	year / year, this / kick (v) / waist
tɕʰ eˀ		13	cave	cave / cry / need to, have to / split / twist / spit
p a	$	13	Monpa	Monpa / leech, land / boil (n) / hunter / sour / father / steam
d u	$	12	son	son / slowly / small / civet or spotted wild cat / hearth, fireplace / window
pʰ a ŋ	$	12	wing	wing / branch
b i		12	other	other / human being prefix / reflexive marker / Puroik / Khoitam people / quiver / Thembang people / Rahung, people of
tɕʰ ɔ̃ː	$	12	far	far / black / mud / sharp / above, top / rest (n)
p u	$	12	wealthy	wealthy / pulse / year, this / light / leech, land / fast
tɕʰ a m	$	12	daughter-in-law	daughter-in-law / snake / black / mud
n y	^	12	otter	otter / wing / afternoon / hail / wind / snow / tooth
m a		12	imperative	imperative / thing / bee / sister, younger / bamboo / finger / partridge
tɕʰ iː		12	give	give / borrow / honey / sugarcane
n u		12	fish	fish / listen, heed / sick (vi) / language
s u	^	12	pig	pig / mithun / Bugun / porcupine / pangolin / civet, palm / leaf litter
pʰ i ŋ		11	swell	swell / Rahung, people of / uproot / full
tɕʰ i		11	cane	cane / bee / sparrow / wash / Jerigaon people
h u	^	11	pheasant, tragopan	pheasant, tragopan / path, road / hornbill / sparrow / eagle, buzzard / crow / pheasant, kalij / partridge
dʑ ɔ k	$	11	fast	fast / ant / soybean
pʰ u ŋ	$	11	nose	nose / night
s ə		11	lungs	lungs
m a	$	11	path, road	path, road / mithun / mother / buckwheat, bitter / female / lap
kʰ u	^	11	Miji people	Miji people / hair (head) / eye / ear / pillow
l ɔ		11	ablative	ablative / that side / plant  (vt)
l iː	$	11	heavy	heavy / seed
p a		11	knee	knee / left (side) / Namshu people / elbow / spider / Thembang people / year, next / how many
r u k	$	11	empty	empty / head
tɕʰ i k	$	11	warm, hot (adj.)	warm, hot (adj.) / leech, water / word
h a	^	10	noon	noon / eagle, buzzard / manure / rib / path, road
dʑ a k		10	wait	wait / wool
j u ŋ	$	10	egg	egg / ripe / spirit, soul, shadow
s a ŋ		10	civet or spotted wild cat	civet or spotted wild cat / year, next / spider
kʰ ɔ		10	locative	locative / stick / day before yesterday / hornet
z ə	^	10	langur	langur / angry (vi) / buffalo / trivet / quiver
s uː		10	meat, animal	meat, animal / dance
l uː		10	mountain	mountain / fetch / manure
r u ŋ		10	light	light / cook / disease / bind (v)
j ɔ k		10	vomit	vomit / dig
l y ŋ	$	10	heart	heart / in
ə	^	10	red	red / root / left (side) / new / other
j ɔ		10	wake up	wake up / split / afternoon / clothing / chin
r yː		10	push	push / elbow / deep
tʰ ɔ ŋ		9	associative	associative / elephant
tɕ i ŋ	$	9	buckwheat, sweet	buckwheat, sweet / nail / fly (n) / eagle, buzzard
l a ŋ		9	up there	up there / wait
tʰ y ŋ	$	9	tooth	tooth / ear / trunk (tree)
r ɛː	$	9	navel	navel / serow / brother-in-law
m u	$	9	path, road	path, road / woman / sky / daughter
tɕʰ ũː	$	9	black	black / mud / above, top / sharp / roof
m yː		9	mushroom	mushroom / lightning / face / thunder (vi) / shake
n a ŋ		9	2sg	2sg / wait
z iː		9	urine	urine / melt / suck / grind, pound
pʰ uː	$	9	male	male / thigh
n u	$	9	bad	bad / sick (vi) / child / sister, younger
l u ŋ	$	9	Bugun	Bugun / cockroach / heart / in
l a	$	9	bastard	bastard / radish / today / palm, sole / day after tomorrow / leaf
r ɛ k		9	shoot	shoot / field
b ə		9	negative prefix	negative prefix / waist / fly (n) / sparrow / pine kindle / roof
p	^	9	four	four / wind / tomorrow
b u	^	9	belt	belt / smoke / human being / thief / hearth, fireplace
kʰ i		9	cane	cane / shake / borrow
dʑ ɔ ŋ		9	spear	spear / jump / horsefly
m ɔ̃ː		9	butter	butter / achieve, obtain / chili
dʑ i	$	9	Shergaon, people of	Shergaon, people of / this / Sherdukpen / Thembang people / 3sg
s u ŋ	$	9	banana	banana / wind / spider
dʑ a ŋ		8	ascend	ascend / forest / weed, grass
ɔ̃ː	$	8	crow	crow / dry (adj.)
h u ŋ		8	fear (vi)	fear (vi) / salt
pʰ a	$	8	thigh	thigh / male / man / wing / ash
n i		8	day before yesterday	day before yesterday / day before two days / lightning
tɕʰ uː		8	bring	bring / rice, husked / fall
tʰ u ŋ		8	short	short / cook / ear
n iː		8	smell2 (vi)	smell2 (vi) / who / patient marker / day before yesterday
tɕʰ ɔ k		8	till (hoe)	till (hoe) / ant
tɕʰ uː	$	8	Indo-Aryan person	Indo-Aryan person / rain (n)
u k		8	hide	hide
b ɔ	$	8	leaf litter	leaf litter / porcupine / pheasant, tragopan
tɕʰ yː		8	kick (v)	kick (v) / cough (vi) / wash / hornet
g ə		8	civet or spotted wild cat	civet or spotted wild cat / Khoitam people / buckwheat, sweet / frog
d ɔ k	$	8	big	big
n y ŋ		8	breast, milk	breast, milk / rub
m i k		8	arrow	arrow / blow
kʰ u	$	8	millet, foxtail	millet, foxtail / nine / smoke
t u ŋ	$	8	bear	bear / shoulder / tooth / waist
b	^	8	navel	navel / hearth, fireplace
d u ŋ	$	8	macaque	macaque / cockroach / walking stick
h uː		8	bird	bird / cattle, cow
m ə		8	waist	waist / cucumber / gum / year, next / how many / sugarcane
m a n		8	medicine	medicine / potato-bean / achieve, obtain
d a ŋ	^	8	fern, fiddlehead	fern, fiddlehead
h ɔ̃ː	$	8	green	green / outside / earthworm / steam
d a	^	8	veranda	veranda / daughter / bastard / saliva / vegetable, leafy / clitoris
n ə		8	how many	how many / day before yesterday / neck / thunder (vi) / lightning / Namshu people / shake
b l uː	$	8	moon, month	moon, month / frost
s i ŋ	$	8	garlic	garlic / wet
ɕ a		8	fall	fall / cattle, cow / meat, animal / finger / gum
s a ŋ	$	8	tomorrow	tomorrow
s a ɹ	^	8	eight	eight
pʰ u	^	8	tiger	tiger / leech, land / leech, water / hornbill / axe / earthworm
tʰ ɔ k		8	beer filter	beer filter
n a		8	sick (vi)	sick (vi) / spider / listen, heed / afternoon / Namshu people
n a m		8	lightning	lightning / year, next / Namshu people / dragon, thunder, lightning / roof
kʰ a		8	under, below	under, below / five / shake / squirrel / down (visible)
tʰ a k		8	rope	rope / creeper, vine
tʰ y ŋ		8	trunk (tree)	trunk (tree) / cook / ear / associative
r aː	$	8	serow	serow / brother-in-law / navel
t a m		8	Khoitam people	Khoitam people / story / horsefly
ɔ		8	agent	agent / that side / tasty / sister, younger / kill
tɕʰ u		7	eat	eat / trivet / bring / hornet
l i ŋ		7	drink	drink / sparrow / rib
t ɔ ŋ	^	7	thousand	thousand / cloud, mist, fog
d u ŋ		7	soft / smooth	soft / smooth / sit
m iː		7	face	face / who / mushroom
j u	$	7	copula, negative	copula, negative / thief / yesterday / fat (n)
b u	$	7	cat	cat / brother (elder) / straight / thin / leaf litter
tʰ	^	7	here	here / today / nine
r u k		7	lungs	lungs / shoot
t a ŋ	^	7	marten	marten
n u ŋ		7	disease	disease / listen, heed / sick (vi)
pʰ a k		7	liquor	liquor / forget
kʰ ɔ k		7	nest, hive, womb	nest, hive, womb / day before yesterday
kʰ ɛ ŋ		7	horn	horn / pull / suck
k i	$	7	deer, barking	deer, barking / beer strainer / sheep / day after two days / chicken
h a ŋ		7	thread	thread / cotton / alive, healthy
tɕʰ i k		7	warm, hot (vi)	warm, hot (vi) / leech, water / hornet
m u	^	7	radish	radish / forehead / chest / wheat
t a	$	7	thousand	thousand / slowly / horse / frog
b ɛˀ		7	copula, existential	copula, existential / fire
z ɔ̃ː	$	7	white	white / bad
k u ŋ	$	7	marten	marten / amaranth / back (n)
tʰ a ŋ		7	up there	up there / squirrel / earthworm
iː		7	die	die / wipe
kʰ a n		7	call for	call for / nomen agentis
s a	^	7	hunter	hunter / pillow
b yː		7	carry	carry / round, small object
tɕʰ ə		6	bee	bee / lightning / dragon, thunder, lightning
s u		6	elephant	elephant / search / lungs
pʰ yː		6	insect	insect / leech, water
j uː	$	6	wife	wife
n ɔ̃		6	comb	comb / slowly
tʰ ɔ m	$	6	all	all / bear
tɕ y ŋ	$	6	window	window / eagle, buzzard
h ɛ k	$	6	red	red
tɕʰ a m	^	6	butterfly	butterfly / bat
tɕʰ ĩː		6	stand (up)	stand (up) / sew / wash
r ɛː		6	sparrow	sparrow / float / lightning / dragon, thunder, lightning
h a		6	burn (vi)	burn (vi) / salt / where
u ŋ		6	three	three / spirit, soul, shadow
tɕʰ ɛː	$	6	few, little	few, little / chicken
z y k	$	6	star	star / angry (vi) / deer, sambar
pʰ a	^	6	bat	bat / palm, sole / leech, land / shoulder
z yː	$	6	trivet	trivet / saliva / quiver
pʰ l iː		6	needle	needle
oː		6	itch	itch / see
j ɔː	$	6	yesterday	yesterday / fat (n) / thief
kʰ a k	$	6	belt	belt
k a		6	chew	chew / squirrel / Khoitam people
tʰ øː		6	bridge	bridge / take
r uː	$	6	morning	morning / today
h u t		6	finger	finger / hand, arm / blow
ɕ i	$	6	four	four / rice, unhusked, paddy / gall, bile
h a j		6	plant  (vt)	plant  (vt) / burn (vi) / pus
m i ŋ	$	6	hair (body): feather	hair (body): feather
r i		6	bow	bow / elbow / mountain peak / day before two days / morning
pʰ u k		6	barley	barley
tɕʰ ɛ ŋ		6	horn	horn / suck / pull
tɕʰ a p		6	shade	shade / thin
tsʰ i k	$	6	word	word / finger / leech, water / fodder
d i		6	day before two days	day before two days / burn, roast (vt) / present / Jerigaon people
tɕʰ u	^	6	cockroach	cockroach / ash
k ə		6	elbow	elbow / civet or spotted wild cat / falcon
l u	$	6	rainbow	rainbow / goitre / 2pl.excl / story / day after tomorrow
kʰ uː	$	6	walnut	walnut
s ɔ m	$	6	wind	wind / fern, fiddlehead / dog, wild
g uː		6	1sg	1sg
m	$	6	mithun	mithun / buckwheat, bitter / eye
m a ŋ		6	chili	chili / garlic / Thembang people / shake
dʑ uː		6	tuber	tuber
kʰ aː		6	that side	that side / twenty
ʂ	^	6	sheep	sheep / deer, barking / cloud, mist, fog / boar, wild / horse / skin, bark
ɲ i ŋ		6	breast, milk	breast, milk / smell2 (vi) / drink
h ɔ	^	6	crow	crow / mouth / machete / spicy, pungent
l i ŋ	^	6	day after two days	day after two days / angry (vi) / ladder
pʰ ɔ ŋ	$	6	night	night / nose / cucumber / veranda
j a ŋ	^	6	white	white / light / veranda
pʰ ũː		6	tiger	tiger / defeat (vi)
r ɛ ŋ	$	6	long	long / rib
d y	^	6	yesterday	yesterday / trivet / nine / star
h ɛ k		6	louse	louse
k ɔː		6	door	door / knee
j a		6	question	question / knee
d uː	$	6	machete	machete / small
d a		6	keep, remain	keep, remain / same, equal / tasty / finger
d a ŋ		6	vegetable, leafy	vegetable, leafy / soup, liquid, broth, juice
ɔ ŋ		6	go	go
h ũː		6	salt	salt / rot (vi) / outside
z y k		6	face	face / star / deer, sambar
tʰ ɛː		6	that side	that side
tʰ y k		5	village	village
iː	$	5	quarrel (v)	quarrel (v) / copula, negative
h ɛ n		5	one	one / how many
s a ŋ	^	5	ant	ant / pillow / civet or spotted wild cat
kʰ a ŋ		5	lift completely, carry	lift completely, carry
kʰ ɔː		5	that side	that side / water / soup, liquid, broth, juice
l aː		5	tongue	tongue / borrow / earthworm / leg
kʰ ə	^	5	friend	friend / sand / frying pan
kʰ eː	$	5	back (wards)	back (wards) / behind
t yː	$	5	cloud, mist, fog	cloud, mist, fog
kʰ u ŋ	$	5	back (n)	back (n) / after / marten
l a p	$	5	leaf	leaf / flame
d y ŋ		5	sit	sit
tɕʰ i	$	5	gall, bile	gall, bile
n y k		5	sago	sago
tɕ ĩˀ		5	wring, squeeze	wring, squeeze / iron
s iː	$	5	four	four / honey
p yː	$	5	pulse	pulse
m ɛ n	$	5	old	old
s y	^	5	soybean	soybean / goat / deer, sambar / pangolin
tʰ a		5	prohibitive prefix	prohibitive prefix / earthworm / where / here
d ɔ k		5	scratch	scratch
tɕʰ u	$	5	sharp	sharp / honey / saliva
h uː	$	5	man	man
l u		5	song	song / hornbill / rainbow / corpse
tʰ ɔ n		5	bridge	bridge / take / all
ɔː		5	itch	itch / okay / see
h ɛːʰ	$	5	yellow	yellow / flour
t aː		5	spittle, spit	spittle, spit / sing
t eˀ	$	5	lie (n)	lie (n)
n i ŋ		5	silver	silver / hail
t ɛː		5	spittle, spit	spittle, spit / sing
r a		5	do	do
pʰ a ŋ		5	rainbow	rainbow / shelf / deaf
tʰ iː		5	that side	that side / that / plural
pʰ a m	^	5	peas	peas / beans
kʰ a k		5	tie (vt)	tie (vt) / waist
h a n	^	5	machete	machete
s ɔ̃ː		5	ten	ten / bridge, hanging
l ɔ k		5	friend	friend / knee / hornet
k a k		5	ice	ice / halt, stop
l u ŋ		5	stone	stone / falcon / lungs
j yː	$	5	snow	snow
l i ŋ	$	5	butterfly	butterfly / lightning / belly, abdomen / peas / long
tɕʰ a k	$	5	millet, broomcorn	millet, broomcorn / bitter (vi) / taro
z a ŋ	$	5	hair (head)	hair (head)
b u ŋ	$	5	cucumber	cucumber
b uː		5	down	down
z	^	5	macaque	macaque
tɕʰ a	^	5	ash	ash / bat
s ɔː		5	search	search / dog, wild / mouth / sugarcane
r iː		5	burn, roast (vt)	burn, roast (vt) / frog / mountain peak
tɕ ɛ k		5	cut	cut / split
kʰ a ŋ	$	5	boil (n)	boil (n) / alive, healthy
l u ŋ	^	5	ladder	ladder / day after tomorrow / heart
pʰ ɛ t		5	arrive	arrive
l y ŋ		5	stone	stone / lungs / drink
n uː	$	5	brother, younger	brother, younger
n i	^	5	rice, unhusked, paddy	rice, unhusked, paddy / snow / sky
h a m		5	smell1 (vi)	smell1 (vi) / rot (vi) / path, road
b i	^	5	Indo-Aryan person	Indo-Aryan person / copula, negative / thief / pine kindle
tɕ i	$	5	pine kindle	pine kindle / beer strainer
z ɛ k		5	bite	bite
pʰ i k		5	sow, broadcast	sow, broadcast / knee
l i	$	5	quiver	quiver / heavy / serow
kʰ		5	Khoitam people	Khoitam people / earthworm / ear / rainbow / Jerigaon people
kʰ ɛ n		5	nomen agentis	nomen agentis
j aː	$	5	husband	husband / frying pan
k u k	$	5	skin, bark	skin, bark
b y k		5	breath	breath
tʰ a m		5	year, this	year, this / Thembang people
d a	$	5	machete	machete / small / son / brother (elder)
kʰ y ŋ		5	up; ascend	up; ascend
tsʰ yː	$	5	son-in-law	son-in-law / mud / hornet / sugarcane
tɕʰ ə	^	5	Indo-Aryan person	Indo-Aryan person / squirrel, flying / mouth / takin
d ɛ p	^	5	together with	together with
d y k		5	poison	poison
ɕ	^	5	horse	horse / bear / Puroik / rope
g iː		5	pull	pull / swallow
d ɛ n		5	know	know
n ũː	$	4	friend	friend / Miji people
pʰ l uˀ		4	axe	axe
s u m	$	4	fern, fiddlehead	fern, fiddlehead / spider
kʰ ɔ	$	4	together with	together with
kʰ ɔ̃ː	$	4	charcoal	charcoal
n i k		4	two	two
j ɔ̃ː	$	4	squirrel, flying	squirrel, flying / thirsty (vi)
tɕ ĩː	$	4	maize	maize / sweet
k uː	$	4	wheat	wheat
t u		4	civet or spotted wild cat	civet or spotted wild cat / frog / neck
m ɔ		4	imperative	imperative
b ɛ	$	4	beans	beans / peas
n aː	^	4	2pl.incl	2pl.incl / 2pl.excl
m a k	$	4	otter	otter
l a ŋ	$	4	fruit	fruit
pʰ		4	leech, water	leech, water / earthworm / cotton / Namshu people
tɕ ɔ ŋ		4	falcon	falcon / fly (n)
tɕ i k	$	4	day after two days	day after two days
kʰ ɔ	^	4	cap, hat	cap, hat / head
s a k	^	4	pulse	pulse
kʰ oː		4	water	water
tɕʰ a	$	4	roof	roof / Indo-Aryan person
l ɐ k		4	penis	penis / lick
s ø n	$	4	wind	wind / fern, fiddlehead
tɕ uː	$	4	hard	hard
tʰ øː	$	4	ladder	ladder
w uː	$	4	manure	manure / mountain peak
a j		4	okay	okay / see
tɕʰ a		4	eat	eat / thin / hornbill
tʰ ə	^	4	today	today / this / nine
h i n		4	spit	spit / one
h ĩː		4	fall	fall / like, love / scratch
t ɔ̃ː	$	4	noon	noon
r a k		4	weave	weave
pʰ ɔ ŋ	^	4	beans	beans / peas
pʰ i ŋ	$	4	full	full
d ɔ ŋ		4	bind (v)	bind (v) / cook
tʰ ə		4	prohibitive prefix	prohibitive prefix / Sherdukpen
tɕʰ yː	$	4	son-in-law	son-in-law / saliva
z uː	$	4	sister-in-law	sister-in-law
z i k		4	ask	ask / dual
kʰ ũː		4	hungry (vi)	hungry (vi)
h a ŋ	$	4	alive, healthy	alive, healthy
m a k		4	beat, hit	beat, hit
tɕʰ ɔʰ		4	put	put
t ɔ s		4	throw	throw / spit
tɕʰ y k		4	six	six
j ɛ t		4	flee	flee
pʰ a		4	plait	plait / axe
r ĩː	$	4	belly, abdomen	belly, abdomen / rib
d i	$	4	navel	navel / spicy, pungent / quarrel (v)
tɕʰ ɔː	$	4	sharp	sharp
tʰ i ŋ		4	think	think
ɕ u	$	4	sharp	sharp / right
l e	^	4	thigh	thigh / shoe, footwear
z u	$	4	langur	langur
kʰ i p		4	cry	cry / cave
pʰ ɔ k		4	barley	barley / uproot
s ɔ		4	soil, earth	soil, earth / tell
pʰ a k	$	4	shoulder	shoulder
r ɔ̃ː	$	4	straight	straight / friend
j eˀ		4	late (vi)	late (vi)
j a m		4	house	house
tɕʰ i ŋ	$	4	thing	thing / nail
r ɔː		4	corpse	corpse
g u ŋ	$	4	spirit, soul, shadow	spirit, soul, shadow / back (n) / mountain peak
yː	$	4	copula, negative	copula, negative
tʰ oː	$	4	eggplant	eggplant
dʑ u		4	swallow	swallow / live, stay
tʰ ɛː	$	4	dog	dog / this
z i ŋ		4	dual	dual
g yː		4	swallow	swallow
hw a		4	falcon	falcon / bird
pʰ a ŋ	^	4	rainbow	rainbow / shelf
g a	^	4	eye	eye / mud / ear / spider
k a	$	4	much	much / squirrel / deaf
k ɔː	^	4	window	window
j a	$	4	wife	wife / husband / brother (elder)
j a w		4	steal	steal / wake up
b a n		4	dream (n)	dream (n)
ɕ i s		4	seven	seven / smell (n)
tʰ i k	$	4	2pl.incl	2pl.incl
ɕ ɔ k		4	rest (n)	rest (n) / comparative degree
s ɔ ɹ	^	4	leaf litter	leaf litter / garden
s a n		4	elephant	elephant / ten
h ə	^	4	rib	rib
j yː		4	descend	descend
m ɛ n		4	medicine	medicine / potato-bean
pʰ l u	$	4	ash	ash
tɕ i k		4	pinch	pinch / day before two days
w u	$	4	sister, elder	sister, elder / chin
kʰ eˀ		4	spit	spit / cry / twist / cave
h ĩː	$	4	root	root
j a ŋ		4	green	green / thirsty (vi)
k i		4	falcon	falcon / elbow / rib
l ɔː		4	plant  (vt)	plant  (vt) / sparrow / where
h i n	^	4	spittle, spit	spittle, spit / tooth / chin
t ɛ n		4	allative	allative / left (side) / afternoon
s eː	$	4	rice, unhusked, paddy	rice, unhusked, paddy
tʰ oː		4	oil	oil
pʰ l u ŋ	$	4	pumpkin	pumpkin
tsʰ ɔ̃ː	$	4	sharp	sharp / above, top / roof
j oː	$	4	fat (n)	fat (n)
ɕ u		4	meet	meet / Namshu people
ɔˀ		4	kill	kill / agent
tɕ ĩː		4	sweet	sweet / Jerigaon people
h ũ		4	song	song / manure
tʰ ɛ ʔ	$	4	thick	thick
ts i k		4	pinch	pinch
a n		4	say	say
j aː		4	excrement	excrement / how many
tsʰ u		4	cough (vi)	cough (vi) / eat
w a k	$	4	pig	pig
z oː		4	attic	attic
tɕ u p		4	kiss (n)	kiss (n)
r iː	$	4	soda ash	soda ash / seed
l oː		4	play	play / fetch / deity, ghost
d u	^	4	goitre	goitre / bastard
j u ŋ		4	load (n)	load (n)
b y	^	4	copula, negative	copula, negative
ʂ ə	^	4	heart	heart / buffalo / Bugun / serow
h a w		3	flow	flow / speak
l ɛ n		3	look	look
tʰ yː		3	that	that / bridge
d a n		3	know	know
b e		3	down	down / copula, existential
kʰ ə		3	rainbow	rainbow / ear / charcoal
tsʰ ɛ̃ː	$	3	liver	liver
ɛ	^	3	yellow	yellow
r uː		3	keep, remain	keep, remain / morning
d	^	3	goitre	goitre
tɕ ɔ m		3	mortar (wood)	mortar (wood) / sparrow
ɕ i	^	3	deer, barking	deer, barking / sheep
j ɛˀ	^	3	quarrel (v)	quarrel (v)
f a n	$	3	new	new
u n		3	come	come
d a k		3	sparrow	sparrow / weave
r ɔ k		3	friend	friend
dʑ ɛ k		3	count	count
s ɛ ɹ		3	gold	gold
m ɛ j	^	3	jackal	jackal / sugarcane / maize
ts u n	$	3	buckwheat, sweet	buckwheat, sweet / nail
tɕʰ y	^	3	squirrel, flying	squirrel, flying
g yː	$	3	together with	together with / buffalo / deep
b u k		3	breath	breath
s i		3	aconite	aconite / day before two days
t a		3	allative	allative / beautiful
tɕʰ aː	$	3	chicken	chicken / few, little
kʰ ø		3	bee	bee
n iː	$	3	day before yesterday	day before yesterday / take / sun, day
h a k		3	tie (vt)	tie (vt)
ɲ u	$	3	brain	brain / bad
s a n	^	3	ant	ant
kʰ a	$	3	walnut	walnut / squirrel
pʰ l a	$	3	peas	peas / beans
h ɔ		3	spicy, pungent	spicy, pungent / day before yesterday / song
ɲ iː		3	who	who / patient marker
d ə		3	prohibitive prefix	prohibitive prefix / Jerigaon people
tɕʰ iː	$	3	sugarcane	sugarcane / son-in-law
d u k		3	poison	poison
ts i		3	fodder	fodder / pine kindle
l i	^	3	mountain peak	mountain peak / back (wards) / day after tomorrow
z ɔ	$	3	thorn	thorn
ts ɛ n	$	3	cold	cold
b ɔʰ	$	3	porcupine	porcupine / sand
ts i	$	3	pine kindle	pine kindle
j a w	$	3	chest	chest / thief / yesterday
tɕʰ ɐ k		3	cliff, ravine	cliff, ravine / bitter (vi) / taro
p a t	^	3	leech, land	leech, land
s aː		3	aconite	aconite
h ɛːʰ		3	blood	blood
ʑ a	$	3	sister-in-law	sister-in-law / langur
t a	^	3	saliva	saliva / same, equal
z eˀ		3	tear (vt)	tear (vt)
ʐ yː		3	melt	melt / rub; sharpen / grind, pound
kʰ øː	$	3	partridge	partridge
tʰ a	^	3	today	today
tɕʰ a n	$	3	snake	snake / cold / daughter-in-law
dʑ ɛ ŋ	$	3	name	name
tɕʰ ɛ k	$	3	pheasant, kalij	pheasant, kalij
h a ŋ	^	3	machete	machete / crow / steam
tɕʰ ɔ ŋ	$	3	veranda	veranda / gourd
z ɛ ʔ	$	3	dirty	dirty
j ɔʰ	$	3	grandmother	grandmother
j a m	^	3	roof	roof
n ɛːʰ	$	3	tail	tail
j ɔˀ		3	clothing	clothing
tɕʰ u ɹ	$	3	garden	garden / saliva
tʰ a k	^	3	creeper, vine	creeper, vine
m i	$	3	sun, day	sun, day / dirty
s ɛ̃ ĩ		3	iron	iron / liver
s		3	morning	morning / Puroik
h ɔ̃	$	3	vegetable, leafy	vegetable, leafy
tɕ u ŋ	$	3	window	window
g ɔ		3	locative	locative / cotton / outside
m a n	$	3	old	old
j u ŋ	^	3	ripe	ripe
s ɔ k		3	comparative degree	comparative degree
k ɔ ŋ	$	3	marten	marten / amaranth
d ɔ̃ː	$	3	when	when
j ɛː		3	excrement	excrement
yː		3	wipe	wipe
m iː	$	3	woman	woman / sky / daughter
k ɔː	$	3	forehead	forehead
tʰ øˀ		3	throw	throw
k i k	$	3	bone	bone
dʑ ɛ ʔ		3	break	break
h a n		3	one	one
h aː		3	food	food / blood
s ɔˀ		3	tell	tell
l ə		3	trunk (tree)	trunk (tree) / knee
r ɔ ŋ	$	3	jackal	jackal
w aː		3	3sg	3sg
ts ɔː		3	squirrel	squirrel / run
dʑ y ŋ	$	3	walking stick	walking stick
tɕ ɛ n	$	3	cold	cold / millet, finger
ɲ i		3	patient marker	patient marker / gum
b ɔː	$	3	father	father
tɕʰ a n		3	fly (vi)	fly (vi)
m i		3	who	who / lightning
k iː	$	3	deer, barking	deer, barking
h yː		3	like, love	like, love / scratch / blow (wind)
ʑ i		3	urine	urine / quiver
r a m		3	cold (vi)	cold (vi) / reap
u		3	come	come / beautiful
j ɛːʰ	$	3	husband	husband
d ɛ̃ː		3	lap	lap
n y		3	chin	chin / afternoon
kʰ ɐ k		3	waist	waist / halt, stop
l a ŋ	^	3	steam	steam / straight / 3sg
m ɐ̃ː		3	butter	butter / achieve, obtain
w a n		3	shy, ashamed (vi)	shy, ashamed (vi)
pʰ l ɔːʰ	$	3	bastard	bastard
m ɔ n	^	3	Monpa	Monpa
tʰ j a	$	3	that side	that side
p ɕ i ŋ		3	swell	swell / full
h ɛ		3	burn (vi)	burn (vi)
h y ŋ		3	flow	flow / fall
tɕʰ ɔ̃		3	excrete	excrete
j ũ ŋ		3	thirsty (vi)	thirsty (vi)
t ɔ p	$	3	mouse, rat	mouse, rat
r ɛˀ		3	kick (v)	kick (v) / field
j u		3	descend	descend / chin
dʑ ɐ k		3	wool	wool / wait
d ũː	$	3	when	when
dʑ u	^	3	woman	woman / buckwheat, bitter
tʰ ɔ ŋ	$	3	neck	neck / cap, hat
kʰ u s		3	bee	bee / Khoitam people
s ɛ̃ː	^	3	Shergaon, people of	Shergaon, people of
l ɛː		3	tongue	tongue
r ɔˀ		3	walk, move, go	walk, move, go
tɕʰ a ŋ		3	above, top	above, top / bee
l ɛˀ		3	leg	leg
kʰ ɔ̃ː		3	hungry (vi)	hungry (vi) / twenty
ɕ i ŋ	$	3	wet	wet / maize
tɕ ə		3	sparrow	sparrow / elbow
r ĩː		3	lungs	lungs / gum
tsʰ i k		3	angry (vi)	angry (vi) / word
tɕʰ a w	$	3	sharp	sharp / mouth
tɕ a m	$	3	millet, finger	millet, finger
z ɔ m		3	hold	hold
tʰ aː	$	3	dog	dog
pʰ l a k		3	forget	forget
b a ŋ		3	Thembang people	Thembang people
j i	$	3	grandmother	grandmother / this
h eˀ		3	sow, broadcast	sow, broadcast
pʰ ə	^	3	leech, land	leech, land / pheasant, kalij / belly, abdomen
b ɛ ŋ	^	3	deaf	deaf / charcoal
kʰ u ŋ		3	up; ascend	up; ascend
dʑ u k		3	stab	stab
p uː	$	3	cattle, cow	cattle, cow / knee
m ɔ ŋ		3	chili	chili
dʑ a p	$	3	good	good
j ɔː		3	steal	steal
w a		3	walk, move, go	walk, move, go / flow
n ɐ̃		3	comb	comb / slowly
r ə		3	Rahung, people of	Rahung, people of
t a n	$	3	noon	noon / story
d u ŋ	^	3	frog	frog / sit
m ɛˀ		3	bamboo	bamboo
dʑ i ŋ		3	sleep	sleep
s eˀ	$	3	forest	forest
dʑ u	$	3	sugarcane	sugarcane / sit
b oː	$	3	father	father / leaf litter
l ɛˀ	$	3	wet	wet / leaf
kʰ o k		3	day before yesterday	day before yesterday
h ɔ̃ː		3	rot (vi)	rot (vi) / earthworm
b ɔ	^	3	navel	navel / copula, negative
d i	^	3	leech, water	leech, water / yesterday / daughter
tɕ a n		3	small	small / sister, younger
kʰ ɔ p		3	nest, hive, womb	nest, hive, womb
k a n	$	3	boar, wild	boar, wild
s uː	$	3	grandfather	grandfather
kʰ y ŋ	$	3	after	after
p a ɹ	$	3	palm, sole	palm, sole
ɕ i ŋ		3	sew	sew / wood
z i		3	quiver	quiver
l ɔ w	^	3	day after two days	day after two days / day after tomorrow
w ɛ n		3	shy, ashamed (vi)	shy, ashamed (vi)
m u		3	mushroom	mushroom / navel
r ũː		3	reap	reap
ɕ i		3	give	give / rib
b a n	^	3	eggplant	eggplant
p ɔ	$	3	hunter	hunter
kʰ a n	$	3	sour	sour / boar, wild / charcoal
m ɛ	$	3	much	much
w u ŋ	$	3	spirit, soul, shadow	spirit, soul, shadow
l ɛːʰ	$	3	intestines	intestines
tʰ aː	^	3	this	this
tɕʰ ɛː		3	buy	buy
s a w		3	dog, wild	dog, wild / search
kʰ iː		3	borrow	borrow / kick (v)
dʑ a		3	tuber	tuber / cure (vi)
z a n		3	goral	goral
dz i ŋ		3	sleep	sleep
dʑ y	^	3	thief	thief / yesterday
kʰ a ŋ	^	3	boil (n)	boil (n)
u k	$	3	soybean	soybean
j u k	$	3	soybean	soybean
s i k		3	seven	seven
j a	^	3	quarrel (v)	quarrel (v) / shoulder
r i	$	3	soda ash	soda ash / serow / arrow
w a	^	3	dog	dog / dry (adj.)
n u k		3	sago	sago / language
r ɔ		3	ablative	ablative / outside / walk, move, go
k a w		2	door	door
tɕʰ u p		2	six	six
s t ɔ p		2	squirrel	squirrel
tʰ ɐ k	$	2	rope	rope
pʰ l ɔː	$	2	butterfly	butterfly / bastard
tsʰ u k		2	net for fishing	net for fishing
ts ɔ k		2	hatch	hatch
n i ŋ	$	2	belly, abdomen	belly, abdomen / gum
n		2	how many	how many
ʑ ɔː	^	2	man	man
kʰ i	^	2	eye	eye / frying pan
d ĩː		2	lap	lap
ʑ ɛ t		2	tear (vt)	tear (vt)
l ɛ j		2	play	play / leg
dʑ a m p		2	cure (vi)	cure (vi)
dʑ i	^	2	thief	thief / human being
s ũː		2	bridge, hanging	bridge, hanging
tɕ ɔ̃ː	$	2	right	right
r a p	$	2	leaf	leaf
i	^	2	bone	bone / root
pʰ l ɔ̃ː	$	2	bat	bat / butterfly
ɛ̃ˀ		2	recognise	recognise
pʰ l ɐ k		2	forget	forget
g u n	^	2	buckwheat, sweet	buckwheat, sweet
kʰ e		2	bee	bee / down (visible)
h i	^	2	belly, abdomen	belly, abdomen
h ɛ m	^	2	nose	nose
t u s	$	2	spittle, spit	spittle, spit
b i n		2	sleep	sleep
w a ŋ	$	2	bat	bat
tɕ u m	^	2	sour	sour
n ɐ̃ʰ	$	2	pus	pus
z u m		2	hold	hold
l a n		2	look	look
t a p		2	lightning	lightning
k a m	^	2	cotton	cotton / partridge
l uˀ	$	2	axe	axe / goitre
k u		2	door	door / chew
tɕʰ i	^	2	honey	honey
ɕ ɔ ŋ	$	2	quarrel (v)	quarrel (v)
n ɔ̃ː	$	2	Miji people	Miji people
tɕʰ ɛ t		2	make	make / excrete
ɲ i n		2	silver	silver
m ɛ j		2	face	face / bamboo
g ɔ ŋ		2	fence	fence
kʰ ɛ		2	call for	call for
j ɔ w		2	wake up	wake up
n ɔ	^	2	word	word
a ŋ		2	go	go
b ɹ yː		2	round, small object	round, small object
k u	^	2	sick (vi)	sick (vi)
b a p		2	pheasant, tragopan	pheasant, tragopan
ts ə	^	2	dog, wild	dog, wild / cloud, mist, fog
kʰ ɔ m	$	2	pillow	pillow
pʰ ɔ̃ː		2	tiger	tiger
b ɔ		2	negative prefix	negative prefix
w u j		2	plough (v)	plough (v) / 3sg
t ɔ m		2	year	year
i		2	die	die
b l a t		2	work	work
pʰ ɐ	$	2	cotton	cotton
pʰ u ŋ		2	Rahung, people of	Rahung, people of
kʰ oː	$	2	soup, liquid, broth, juice	soup, liquid, broth, juice
s a m	^	2	mouse, rat	mouse, rat
tʰ yː	$	2	ladder	ladder / that
s a		2	soil, earth	soil, earth
kʰ a m		2	hungry (vi)	hungry (vi)
h ũː	$	2	outside	outside
ts ɛ̃ː	$	2	neck	neck / maize
ts ə		2	elbow	elbow / sparrow
l j a		2	up there	up there
ts i ŋ	$	2	nail	nail
kʰ ɐ		2	stick	stick
tsʰ a k	$	2	millet, broomcorn	millet, broomcorn / taro
s ɐ		2	soil, earth	soil, earth
j ɐʰ	$	2	grandmother	grandmother
m uː		2	bee	bee / charcoal
kʰ ɛ j	^	2	walking stick	walking stick / spear
dʑ ə		2	deep	deep
tsʰ u m		2	mortar (wood)	mortar (wood)
l u j		2	borrow	borrow / tongue
dz eː		2	tired (vi)	tired (vi)
ɲ a m	$	2	tiger	tiger
w a t		2	clothing	clothing
tɕʰ øˀ		2	spit	spit
tsʰ iː		2	honey	honey / give
tɕʰ a t		2	excrete	excrete / cut
ɕ a	$	2	pumpkin	pumpkin
h u		2	naga, serpent deity	naga, serpent deity
dʑ ɔː		2	live, stay	live, stay
pʰ ɔ m	^	2	beans	beans / peas
tsʰ a k		2	cliff, ravine	cliff, ravine / settle
j ɔ	$	2	afternoon	afternoon
b eː	$	2	clitoris	clitoris
n ɔ	$	2	pus	pus
g a		2	1sg	1sg
l a m		2	cold (vi)	cold (vi)
pʰ u		2	insect	insect
l u m		2	gum	gum / path, road
h ɛ n	^	2	neck	neck
tɕ ĩ	^	2	trivet	trivet
s t eː	^	2	speak	speak
l ɔː	$	2	where	where / deity, ghost
r a n		2	cold (vi)	cold (vi)
kʰ ɐ k	$	2	belt	belt
b l ɐːʰ	$	2	tasty	tasty
h ɛ n	$	2	new	new
tʰ i k		2	plural	plural
tɕ i ŋ		2	fly (n)	fly (n)
k oː	^	2	window	window
tʰ a w		2	vagina	vagina
s e	$	2	forest	forest
m ɛ m	^	2	cucumber	cucumber
a t		2	kill	kill
t ɔ m	$	2	kick (v)	kick (v)
kʰ a j		2	stick	stick / down (visible)
s u m	^	2	leaf litter	leaf litter
tʰ ɛ k		2	plural	plural
d ɔ		2	day before yesterday	day before yesterday
tsʰ a w		2	boil  (water)	boil  (water) / jump
tʰ i n		2	think	think
p eː		2	clitoris	clitoris
r ə	^	2	frog	frog / forest
tʰ u		2	vagina	vagina
n ɔ w	$	2	brother, younger	brother, younger
ʈʂʰ eˀ		2	cry	cry / cave
b ɹ ɔː		2	song	song / round, small object
kʰ u s	$	2	bone	bone
pʰ y k		2	knee	knee
tɕʰ y ŋ	^	2	star	star
j a t		2	flee	flee
dʑ u ŋ	$	2	walking stick	walking stick / deer, sambar
z u		2	langur	langur
tɕʰ ɔ		2	boil  (water)	boil  (water)
l ũː	$	2	hornbill	hornbill / shoe, footwear
m a ŋ	^	2	walnut	walnut
r ɐˀ		2	walk, move, go	walk, move, go
i s		2	recognise	recognise
m ɔː		2	bee	bee
kʰ j ɛ ŋ		2	horn	horn / pull
b i ŋ		2	name	name
m e j	^	2	jackal	jackal / sugarcane
dʑ ɔ ŋ	$	2	egg	egg / spear
ʈʂʰ a j ŋ		2	horn	horn / suck
kʰ ɔ m		2	knee	knee
tʰ ɔ	$	2	thousand	thousand
j ɛː	$	2	frying pan	frying pan
n a n		2	smell1 (vi)	smell1 (vi)
t aˀ		2	same, equal	same, equal
t a ŋ		2	Puroik	Puroik
kʰ ɔ j		2	partridge	partridge
ʑ u	$	2	snow	snow
pʰ l uː	$	2	thigh	thigh
b a k	$	2	pig	pig
s yː		2	meet	meet
pʰ o	^	2	beans	beans / peas
n ɔ̃ʰ	$	2	pus	pus
b r uː	$	2	moon, month	moon, month / frost
m a t	$	2	much	much
t y ŋ		2	waist	waist
kʰ eː		2	cry	cry / cave
kʰ ɛ n	$	2	boar, wild	boar, wild
w a m	^	2	roof	roof
tɕʰ ɐ k	$	2	bitter (vi)	bitter (vi) / millet, broomcorn
s i n		2	gold	gold
tʰ ɔː	$	2	eggplant	eggplant
h i		2	day before yesterday	day before yesterday / day before two days
ɲ i s		2	two	two
b aː		2	fire	fire / pine kindle
b l u ŋ	$	2	2pl.excl	2pl.excl
tsʰ a w	$	2	sharp	sharp / mouth
t ɔː		2	allative	allative
ɲ ə	^	2	otter	otter / morning
p ɕ i		2	needle	needle
h a m	$	2	shoe, footwear	shoe, footwear
kʰ i k		2	day before two days	day before two days / twist
l ɛ n	^	2	day after two days	day after two days / day after tomorrow
y k	^	2	dry (adj.)	dry (adj.)
ŋ a k		2	language	language
b r u m	^	2	pumpkin	pumpkin
l ɔ j		2	borrow	borrow / tongue
b ɐʰ	$	2	porcupine	porcupine
ɐ̃ː	$	2	dry (adj.)	dry (adj.)
w a m		2	house	house
pʰ u s		2	sow, broadcast	sow, broadcast
a w		2	itch	itch
tɕʰ eː		2	wash	wash
tʰ ɐ k	^	2	creeper, vine	creeper, vine
w ɔ j		2	plough (v)	plough (v) / 3sg
m ɔ ŋ	^	2	garlic	garlic
f	^	2	pheasant, kalij	pheasant, kalij / partridge
tɕ ɔ k		2	hatch	hatch
j ɛ n		2	shy, ashamed (vi)	shy, ashamed (vi)
ɲ a m	^	2	cat	cat
tʰ e		2	that side	that side / plural
tɕʰ ɔ p		2	net for fishing	net for fishing
r a w	$	2	goitre	goitre
r ɔ	$	2	goitre	goitre / here
ts u m	$	2	eagle, buzzard	eagle, buzzard
j ɔ m	^	2	ripe	ripe
j ɐˀ		2	clothing	clothing
w ɐ k	$	2	pig	pig
kʰ ĩː		2	stand (up)	stand (up)
a j	^	2	quarrel (v)	quarrel (v)
ɲ u		2	fish	fish
ɛ n		2	say	say
l y ŋ	^	2	angry (vi)	angry (vi)
dʑ eː		2	tired (vi)	tired (vi)
tʰ ɛ m		2	Thembang people	Thembang people
kʰ a w		2	snatch away	snatch away / water
tɕ ɐ̃ː	$	2	right	right / small
tɕʰ i k	^	2	cockroach	cockroach / wealthy
ts ĩː	$	2	sweet	sweet
tʰ eˀ		2	throw	throw / plural
d u n	$	2	human being	human being
k a w	$	2	forehead	forehead
kʰ e	$	2	left (side)	left (side)
pʰ aː	$	2	flour	flour
l ɛ j	^	2	kick (v)	kick (v)
j ɔ ŋ		2	load (n)	load (n)
tɕʰ y k	^	2	wealthy	wealthy
b ɛ j	^	2	pine kindle	pine kindle / hearth, fireplace
z a w	$	2	thorn	thorn
tsʰ uː		2	fall	fall / rice, husked
h ɛ̃ː		2	sheep	sheep / food
tsʰ ɐ k		2	cliff, ravine	cliff, ravine / taro
w ɛːʰ	$	2	pangolin	pangolin
s ɔ ŋ		2	spider	spider
g ɐ̃ː		2	speak	speak
ɔ m		2	three	three
ts ɔ ŋ	$	2	middle / centre	middle / centre
r i n	$	2	human being	human being
dʑ a ŋ	^	2	forest	forest
j y ŋ	$	2	hail	hail
pʰ ɐ k		2	liquor	liquor
b u ŋ	^	2	pumpkin	pumpkin
b iː	$	2	cat	cat / eye
tsʰ iː	$	2	sugarcane	sugarcane
tɕʰ oː		2	jump	jump / Namshu people
w u		2	steal	steal
t a s		2	comb	comb
p		2	hearth, fireplace	hearth, fireplace / year, next
j i ŋ	$	2	hail	hail
dʑ i k		2	ask	ask
ɲ a w		2	afternoon	afternoon
ʑ a n	$	2	bad	bad
p ɐ	$	2	hunter	hunter
j ɐ̃		2	wear	wear
t aˀ	$	2	horse	horse / frog
kʰ ɔ n	$	2	new	new / pillow
s a t		2	exit	exit
n u m	$	2	sister, younger	sister, younger
s ɛ t		2	exit	exit
ʑ u		2	melt	melt
tɕ ɔ p	^	2	clitoris	clitoris
ɲ a ŋ	^	2	cat	cat
ts i ŋ		2	buckwheat, sweet	buckwheat, sweet / civet or spotted wild cat
t ɐ̃ː	$	2	noon	noon
h aː	$	2	intestines	intestines / yellow
r ũː ŋ	$	2	straight	straight
j ɛ ŋ		2	play	play
w ɐ k		2	beat, hit	beat, hit
tʰ i	$	2	dog	dog
ʂ u	^	2	porcupine	porcupine / pig
kʰ ɐ̃ː		2	twenty	twenty
h u t	^	2	nail	nail
ʑ i n		2	rub; sharpen	rub; sharpen
pʰ uː		2	plait	plait
g ɛ k		2	count	count
r y ŋ		2	stone	stone
r yː	$	2	deep	deep / 2pl.excl
kʰ a n	^	2	buckwheat, sweet	buckwheat, sweet / cap, hat
ĩˀ		2	recognise	recognise
g ɔ	$	2	together with	together with / here
d aˀ	$	2	son	son / brother (elder)
b u k	^	2	waist	waist
z ɛː		2	laugh	laugh
b aˀ	$	2	sour	sour / leaf litter
tʰ øˀ	$	2	mouse, rat	mouse, rat
tɕ a ŋ		2	squirrel	squirrel / falcon
kʰ i ŋ		2	stand (up)	stand (up)
tsʰ aː	$	2	lightning	lightning / dragon, thunder, lightning
kʰ ɛ j		2	stick	stick / twenty
ɐˀ		2	kill	kill
pʰ a k	^	2	shoulder	shoulder
m ø		2	Sherdukpen	Sherdukpen
s ɐ̃ː		2	ten	ten
z ɐ̃ː	$	2	white	white
dʑ ɛ n		2	small	small
r aˀ		2	kick (v)	kick (v)
b eˀ		2	copula, existential	copula, existential / curcuma sp.
k i t	$	2	day after two days	day after two days / bone
s a m	$	2	clean	clean
l aː	$	2	intestines	intestines
tɕ a ŋ	^	2	squirrel	squirrel
k yː		2	back (n)	back (n)
h i ŋ	^	2	stump (tree)	stump (tree) / trunk (tree)
s ø m	$	2	wind	wind / fern, fiddlehead
b i n	$	2	beans	beans / peas
tʰ ɛ k	$	2	2pl.incl	2pl.incl
w i k		2	blow	blow
tʰ i	^	2	nine	nine
ɕ ɛ t		2	exit	exit
kʰ ɛ k	$	2	pheasant, kalij	pheasant, kalij
ɲ aː	$	2	tail	tail
l a p		2	ear	ear / flame
l e j		2	play	play / leg
tʰ ɔ̃ː	$	2	palm, sole	palm, sole
t u s		2	spit	spit
j ə	^	2	much	much / shoulder
b e j		2	tasty	tasty / fire
dʑ uː	^	2	taro	taro
w ɔː		2	plough (v)	plough (v)
ŋ ɔ j		2	silver	silver
ʑ ɔ p		2	suck	suck
k aˀ		2	chew	chew
g ɛ ʔ	$	2	eight	eight
n iˀ		2	tusk	tusk
ɲ a	^	2	back (n)	back (n)
r i k	^	2	frog	frog
kʰ ɔ w		2	snatch away	snatch away / water
tɕʰ ɔ w		2	boil  (water)	boil  (water)
b ɛ n		2	dream (n)	dream (n)
tʰ u p		2	village	village
r ɔ p	$	2	hearth, fireplace	hearth, fireplace
m ɔ	$	2	mother	mother / much
m ɔ̃ː	$	2	Monpa	Monpa
tɕʰ u ŋ	$	2	gourd	gourd
z aː		2	laugh	laugh
h e	^	2	left (side)	left (side) / manure
kʰ u n	$	2	behind	behind
l ɔ k	$	2	head	head
h ɛˀ		2	food	food / 3sg
ɕ a k	^	2	pulse	pulse
r ɐ k		2	weave	weave
dʑ ɛ ʔ	$	2	eight	eight
b ɛ j		2	fire	fire / cotton
ʐ y k	$	2	angry (vi)	angry (vi) / star
ts u ŋ	$	2	middle / centre	middle / centre
tsʰ ɛ t		2	need to, have to	need to, have to
b ɹ oː		2	song	song
tɕʰ aː		2	buy	buy
kʰ ɔ k	$	2	skin, bark	skin, bark
ɲ i ŋ	^	2	millet, foxtail	millet, foxtail / millet, broomcorn
s ɔː	$	2	pumpkin	pumpkin / mouth
t a n		2	spider	spider / allative
m ɔ	^	2	partridge	partridge / garlic
ts a ŋ	$	2	clean	clean
h ɔ j		2	blood	blood / food
h ɔː	$	2	yesterday	yesterday / deity, ghost
hw a ŋ		2	thread	thread
r a w		2	corpse	corpse
i n		2	say	say
g ɛ t		2	break	break
w ɛ	$	2	leech, land	leech, land
s i ŋ		2	gold	gold
l eː		2	beautiful	beautiful
p ɛ ɹ		2	trivet	trivet
w a s		2	wear	wear
g u ŋ		2	fence	fence
tɕʰ ĩː	^	2	sour	sour
tɕʰ e		2	split	split
l i k	$	2	angry (vi)	angry (vi)
m ɐ k	$	2	otter	otter
ɕ a ŋ	$	2	hair (head)	hair (head)
k aː	$	2	sheep	sheep
t ɔ ŋ	$	2	elephant	elephant
w ɔ	$	2	chest	chest
ɕ i t		2	seven	seven
r i	^	2	forest	forest / mountain peak
p i	$	2	Shergaon, people of	Shergaon, people of / horsefly
j ɔ̃ː		2	thirsty (vi)	thirsty (vi)
b ɛˀ	$	2	brother (elder)	brother (elder)
tʰ ĩː		2	bridge	bridge / take
j iː	$	2	grandmother	grandmother / snow
z ɛ ŋ	$	2	name	name
tɕ iː		2	fodder	fodder
g ɔ̃ː	$	2	speak	speak
dʑ ɔ k		2	stab	stab
ŋ a		2	fish	fish
r u ŋ	$	2	rainbow	rainbow / here
ɟ a ŋ	^	2	forest	forest
tɕ i	^	2	trivet	trivet / sparrow
dʑ ũ ŋ		2	weed, grass	weed, grass
b øˀ		2	curcuma sp.	curcuma sp.
l eˀ	$	2	wet	wet
d a ŋ	$	2	when	when
ɲ yː	$	2	marrow	marrow / brain
j a n		2	house	house
kʰ a s	^	2	beer strainer	beer strainer
m i t		2	blow	blow / arrow
d e	^	2	together with	together with / lap
pʰ ɐʰ	$	2	sand	sand
h u k		2	pour	pour
b ɛ j	$	2	tasty	tasty / porcupine
n ɔ̃	^	2	slowly	slowly
dʑ a p		2	cure (vi)	cure (vi)
dʑ a w		2	live, stay	live, stay
kʰ a ɹ	^	2	story	story
ʂ uː		2	dance	dance / cattle, cow
t a ŋ	$	2	Puroik	Puroik
dʑ ɐ ŋ		2	weed, grass	weed, grass
k ɔ m	$	2	pillow	pillow
r ɛ ŋ		1	cold (vi)	cold (vi)
m o	$	1	mother	mother
n ɐ̃	^	1	slowly	slowly
g eː	$	1	buffalo	buffalo
ɖʐ yː		1	swallow	swallow
r ɛ̃ ĩː	$	1	rib	rib
tʰ y n		1	waist	waist
pʰ ə		1	fly (n)	fly (n)
l ũː ŋ	$	1	steam	steam
tɕʰ u k		1	six	six
tɕʰ ɛ̃ ĩ	^	1	sour	sour
tʰ		1	day before yesterday	day before yesterday
tsʰ ə	^	1	honey	honey
kʰ u m	^	1	pillow	pillow
hw a	^	1	chicken	chicken
tsʰ ɔ̃ː		1	dog, wild	dog, wild
z i k	$	1	angry (vi)	angry (vi)
j ɛ j	^	1	spicy, pungent	spicy, pungent
h aːʰ		1	blood	blood
a ɹ	$	1	dry (adj.)	dry (adj.)
kʰ ɐ̃ː	$	1	charcoal	charcoal
i l		1	ride, mount	ride, mount
kʰ ɔ w	$	1	soup, liquid, broth, juice	soup, liquid, broth, juice
ɕ u m	$	1	straight	straight
ɕ ɔ k	$	1	light	light
g a k		1	halt, stop	halt, stop
tsʰ yː		1	cough (vi)	cough (vi)
h ɐ		1	spicy, pungent	spicy, pungent
z ɛ ɹ	$	1	goral	goral
dʑ ɔ̃ː	^	1	veranda	veranda
s y ŋ	^	1	cloud, mist, fog	cloud, mist, fog
kʰ i	$	1	chicken	chicken
kʰ a ɹ		1	call for	call for
pʰ e	^	1	thorn	thorn
b j ɛ ŋ	^	1	deaf	deaf
j a p		1	attic	attic
t ø n		1	afternoon	afternoon
d o	^	1	rest (n)	rest (n)
dz a j ŋ	$	1	name	name
r a ŋ	^	1	straight	straight
d ɔ̃ h ɔ̃ː	$	1	earthworm	earthworm
l ɔ n		1	come	come
ʈʂʰ ɐ̃		1	excrete	excrete
dz øː	$	1	goat	goat
j i		1	elbow	elbow
r		1	hearth, fireplace	hearth, fireplace
ɖʐ u k		1	stab	stab
ə		1	left (side)	left (side)
ɔ j		1	husband	husband
p ɕ i n	$	1	liver	liver
f ɔː		1	blow (wind)	blow (wind)
r oː	$	1	goitre	goitre
f aː	$	1	flour	flour
kʰ øˀ		1	spit	spit
ɕ u p		1	trivet	trivet
dʑ ɔˀ	$	1	thorn	thorn
t i s	$	1	leech, water	leech, water
tʰ ɔ̃ ŋ	^	1	Sherdukpen	Sherdukpen
j o		1	wake up	wake up
p ã j		1	how many	how many
tɕʰ ɔ t		1	make	make
d y	$	1	warm, hot (adj.)	warm, hot (adj.)
pʰ ɔ̃ː	$	1	bat	bat
kʰ ɛ k		1	ice	ice
l yː		1	naga, serpent deity	naga, serpent deity
s ũ ŋ		1	spider	spider
pʰ ɛː		1	how many	how many
pʰ i ŋ	^	1	full	full
n i m iː	^	1	thunder (vi)	thunder (vi)
m ɛ	^	1	jackal	jackal
m a j	^	1	jackal	jackal
m ɐ̃ː	$	1	Monpa	Monpa
cʰ a m	$	1	snake	snake
w j ɔː	$	1	thief	thief
ʂ i ŋ		1	elephant	elephant
m ɐːʰ		1	bee	bee
ɕ ɛ ɹ		1	fly (vi)	fly (vi)
pʰ y	^	1	leech, land	leech, land
tɕ i l		1	wring, squeeze	wring, squeeze
ts yː		1	kiss (n)	kiss (n)
kʰ ø n	$	1	pillow	pillow
z a n	$	1	goral	goral
tɕʰ ø n	$	1	takin	takin
s y n	^	1	cloud, mist, fog	cloud, mist, fog
ʂ y	^	1	soybean	soybean
ʐ ɛ ʔ	$	1	dirty	dirty
p a ŋ	^	1	bat	bat
z ɔː	$	1	thorn	thorn
s o		1	soil, earth	soil, earth
b l ɛ t		1	work	work
p l ɔː	$	1	sparrow	sparrow
tʰ a ŋ	^	1	marten	marten
tʰ a t	$	1	thick	thick
m aˀ		1	bamboo	bamboo
ʈʂʰ øˀ		1	spit	spit
dʑ iː	$	1	other	other
b l ɔː	$	1	tasty	tasty
tɕʰ o		1	boil  (water)	boil  (water)
j ɛˀ	$	1	brother (elder)	brother (elder)
b ɹ ɔːʰ	$	1	tasty	tasty
pʰ r u	$	1	ash	ash
p i m	$	1	fly (n)	fly (n)
h e		1	left (side)	left (side)
p i	^	1	butterfly	butterfly
m y	^	1	tomorrow	tomorrow
g u	$	1	together with	together with
m a t		1	sister-in-law	sister-in-law
kʰ i t	$	1	day after two days	day after two days
a ɹ		1	dry, dry up (v.i.)	dry, dry up (v.i.)
d ɔ ŋ	$	1	macaque	macaque
tɕ ɛː		1	run	run
r u		1	Rahung, people of	Rahung, people of
tʰ a k	$	1	heart	heart
x aː	$	1	yellow	yellow
f u ŋ		1	fear (vi)	fear (vi)
f l ɐːʰ	$	1	bastard	bastard
pʰ y ŋ		1	Rahung, people of	Rahung, people of
tɕ y k	$	1	rest (n)	rest (n)
h ɔː ŋ		1	scratch	scratch
kʰ i n	$	1	shake	shake
t ɔ	$	1	left (side)	left (side)
z i	$	1	trivet	trivet
t a m	^	1	horsefly	horsefly
b u ɕ	^	1	noon	noon
dʑ i ŋ	$	1	sparrow	sparrow
ts uː	$	1	hard	hard
ʂ iː	$	1	four	four
m u j		1	face	face
kʰ aˀ	$	1	millet, foxtail	millet, foxtail
dʑ ũː	^	1	veranda	veranda
h øː		1	scratch	scratch
dz i		1	human being prefix	human being prefix
b l ɔ̃ː	$	1	butterfly	butterfly
w ɔ k		1	dig	dig
g ɹ ɔ ŋ		1	squirrel	squirrel
ŋ a	$	1	crow	crow
m i	^	1	sugarcane	sugarcane
ɟ a t	$	1	eight	eight
tʰ r ɔ m	$	1	stump (tree)	stump (tree)
x y k	$	1	bone	bone
n eˀ		1	tusk	tusk
pʰ ɔ m	$	1	bat	bat
k ɔ	^	1	steam	steam
x ũː		1	rot (vi)	rot (vi)
p y ŋ	$	1	butterfly	butterfly
t ɹ eː	^	1	spider	spider
b ɔ s		1	curcuma sp.	curcuma sp.
t ɹ yː		1	spider	spider
l y k		1	pour	pour
p ɛ n		1	medicine	medicine
b ɛ ŋ		1	dream (n)	dream (n)
ɕ		1	Puroik	Puroik
f uː		1	bird	bird
m a ɹ		1	butter	butter
s ɛ̃ˀː		1	iron	iron
ts ɛ k		1	cut	cut
g uː	$	1	machete	machete
kʰ w a		1	down (visible)	down (visible)
ɬ a p		1	flame	flame
r ɔː	$	1	goitre	goitre
s ɛ̃ː		1	iron	iron
p ə	^	1	eagle, buzzard	eagle, buzzard
tɕʰ ɛ n	$	1	snake	snake
pʰ ɛːʰ	$	1	flour	flour
pʰ aː		1	how many	how many
ɖʐ aˀ	$	1	good	good
x ø		1	bee	bee
pʰ ɔ j		1	flour	flour
kʰ a l		1	call for	call for
n y	$	1	marrow	marrow
ʂ ə		1	gum	gum
ʐ ɔː		1	attic	attic
tʰ ɛ t	$	1	thick	thick
t i m		1	horsefly	horsefly
k a	^	1	beer strainer	beer strainer
x a j k		1	louse	louse
ʈʂʰ ĩː		1	stand (up)	stand (up)
j iː		1	patient marker	patient marker
ʂ ɛˀ	$	1	forest	forest
t u ŋ	^	1	story	story
m øˀ		1	Sherdukpen	Sherdukpen
z a t	^	1	dirty	dirty
ɛ n	$	1	boar, wild	boar, wild
tʰ ə b a n g	^	1	Thembang people	Thembang people
ɕ a t		1	tell	tell
h ɔ t	^	1	machete	machete
s ɛˀ	$	1	forest	forest
t ɹ ɔ k		1	settle	settle
s ɛˀ		1	aconite	aconite
s ɛ ʔ		1	exit	exit
ɲ u j	^	1	wing	wing
kʰ ɹ a ŋ	^	1	boil (n)	boil (n)
m oː	^	1	garden	garden
tʰ ĩː	$	1	ladder	ladder
dz ɔ̃ː	$	1	veranda	veranda
tɕ ɔ j		1	put	put
h ũː ŋ		1	rot (vi)	rot (vi)
z eː	$	1	buffalo	buffalo
ʂ ɐˀ		1	tell	tell
kʰ ɛː	$	1	sheep	sheep
p l u	$	1	ash	ash
s ɛ j	^	1	leaf litter	leaf litter
n ɔ w		1	sister, younger	sister, younger
tsʰ ɛː		1	jump	jump
ʐ ɔ		1	settle	settle
tsʰ oː	$	1	rain (n)	rain (n)
tʰ ũː	$	1	palm, sole	palm, sole
tʰ i n	$	1	earthworm	earthworm
l ɔ ŋ	^	1	heart	heart
ts a m	$	1	millet, finger	millet, finger
j ɐ	^	1	spicy, pungent	spicy, pungent
m eˀ		1	Sherdukpen	Sherdukpen
ɟ a k		1	wool	wool
t i		1	navel	navel
h u k	$	1	thunder (vi)	thunder (vi)
ʂ yː		1	meet	meet
n aː	$	1	tail	tail
r ɛ̃ ĩ		1	lungs	lungs
tɕʰ ɛ ɹ	^	1	squirrel, flying	squirrel, flying
t oː		1	bridge	bridge
d ɔ ŋ	^	1	vegetable, leafy	vegetable, leafy
ə m		1	bee	bee
n ɔ m	$	1	civet, palm	civet, palm
z u k		1	face	face
ʈʂʰ ũː	$	1	black	black
kʰ l ɔ k	^	1	knee	knee
w oː		1	plough (v)	plough (v)
pʰ i	^	1	thorn	thorn
u	$	1	pillow	pillow
kʰ a w	$	1	soup, liquid, broth, juice	soup, liquid, broth, juice
h ɐ̃ː	$	1	green	green
pʰ i		1	how many	how many
ɲ y	^	1	morning	morning
p a ɹ		1	palm, sole	palm, sole
tsʰ øː		1	wash	wash
g iː	$	1	deep	deep
tʰ ɔː		1	Sherdukpen	Sherdukpen
h y p		1	thunder (vi)	thunder (vi)
s i n	^	1	cloud, mist, fog	cloud, mist, fog
t i	$	1	cloud, mist, fog	cloud, mist, fog
m ɛ ɹ		1	sow, broadcast	sow, broadcast
kʰ ɛ t		1	ice	ice
tsʰ ɔː		1	Namshu people	Namshu people
tʰ j e		1	Thembang people	Thembang people
b ɹ ɔ m	$	1	finger	finger
w ɔ ŋ	$	1	hornbill	hornbill
s ɛː	$	1	fodder	fodder
ɲ ɔ m	$	1	civet, palm	civet, palm
ɐ̃ː		1	dry, dry up (v.i.)	dry, dry up (v.i.)
ʂ i k		1	seven	seven
dʑ a m		1	weed, grass	weed, grass
dʑ eː	$	1	buffalo	buffalo
ts ɐ k		1	stich	stich
x ĩː		1	neck	neck
t øˀ	$	1	mouse, rat	mouse, rat
ɕ i n	^	1	tooth	tooth
h e	$	1	left (side)	left (side)
k ɹ i	$	1	shake	shake
kʰ y t		1	six	six
tʰ a l	^	1	year, this	year, this
z oː	$	1	thorn	thorn
z ɛ		1	laugh	laugh
tɕ i n	$	1	buckwheat, sweet	buckwheat, sweet
tsʰ	^	1	hornet	hornet
ɲ i t		1	two	two
kʰ u k	$	1	skin, bark	skin, bark
d z a	^	1	buckwheat, bitter	buckwheat, bitter
tʰ ɔ̃ː		1	associative	associative
x ɐ m	^	1	cotton	cotton
kʰ i n		1	shake	shake
tsʰ ɛ n		1	fly (vi)	fly (vi)
h a ɕ	^	1	slowly	slowly
k ɹ iː		1	knee	knee
b a ŋ	$	1	bat	bat
d o		1	day before yesterday	day before yesterday
b ɹ a		1	finger	finger
pʰ i	$	1	how many	how many
s yː	$	1	hornet	hornet
ʐ aː		1	laugh	laugh
w a l		1	dry (adj.)	dry (adj.)
ʂ u		1	elephant	elephant
h ɐ m	^	1	cotton	cotton
ɹ	$	1	2pl.excl	2pl.excl
d i k		1	shoot	shoot
kʰ aː j		1	twenty	twenty
ts u p		1	kiss (n)	kiss (n)
h o		1	split	split
l ɐː		1	play	play
x ɐ̃ː	$	1	green	green
ɲ eˀ		1	tusk	tusk
l ɔ ŋ	$	1	jackal	jackal
f ũː		1	outside	outside
t ɹ ø ŋ		1	spider	spider
m ɔː	^	1	maize	maize
g ɔ	^	1	sand	sand
dʑ ɔ p	$	1	good	good
ũː		1	three	three
p ɹ ø		1	finger	finger
tɕʰ ɐ	^	1	ash	ash
p oː	$	1	steam	steam
d z ə	^	1	buckwheat, bitter	buckwheat, bitter
w aː	^	1	3sg	3sg
b ɹ u		1	round, small object	round, small object
n u k	^	1	word	word
kʰ e j		1	twenty	twenty
b i	$	1	porcupine	porcupine
ts ɐ̃ː	$	1	right	right
n a ɹ	^	1	2pl.incl	2pl.incl
kʰ i ŋ	^	1	buckwheat, sweet	buckwheat, sweet
tɕ aː		1	run	run
ɟ a p	$	1	good	good
t ɛˀ		1	lie (n)	lie (n)
p u		1	horsefly	horsefly
tʰ ɛ n	^	1	take	take
m ɔ w		1	chest	chest
k ɛ j	$	1	sheep	sheep
ɲ u	^	1	otter	otter
p a t		1	work	work
tɕʰ ɐ̃		1	excrete	excrete
d u p	$	1	hearth, fireplace	hearth, fireplace
l ɛ j	$	1	brother-in-law	brother-in-law
s ĩː	$	1	liver	liver
tɕʰ i n	$	1	nail	nail
dz ɔː		1	live, stay	live, stay
d a k	^	1	son	son
p iː	$	1	pulse	pulse
h a s	^	1	slowly	slowly
x yː	$	1	meat, animal	meat, animal
tɕʰ øː		1	wash	wash
w øː	$	1	pangolin	pangolin
ɕ i k	^	1	wealthy	wealthy
k iˀ	$	1	day after two days	day after two days
j ɔ t		1	late (vi)	late (vi)
f ɛ n	$	1	new	new
ts ø n		1	mortar (wood)	mortar (wood)
ɲ u ŋ		1	breast, milk	breast, milk
ɲ u k		1	language	language
l ɔˀ		1	ablative	ablative
m e j		1	bamboo	bamboo
p ɛː	$	1	clitoris	clitoris
g a ŋ		1	count	count
r ɔ m		1	stump (tree)	stump (tree)
pʰ l a		1	plait	plait
d ɛ j	^	1	yesterday	yesterday
pʰ ɔʰ	$	1	sand	sand
ɖʐ yː	$	1	deep	deep
tɕ a m		1	sparrow	sparrow
d a w	^	1	bastard	bastard
kʰ ɛː		1	lightning	lightning
j ɔ m		1	left (side)	left (side)
d ɛː	^	1	together with	together with
pʰ y k	$	1	knee	knee
tɕ ɔ	$	1	mouth	mouth
dʑ a n		1	small	small
h ɔː	^	1	chicken	chicken
g ɛː	$	1	eight	eight
ɲ ə		1	how many	how many
ts ɔ̃ː	$	1	right	right
f uː	$	1	man	man
p ɕ i ŋ	^	1	full	full
z i	^	1	quiver	quiver
tɕ a	^	1	fly (n)	fly (n)
ʑ ɛ l	$	1	goral	goral
l ɛːʰ		1	borrow	borrow
ʑ a m		1	trivet	trivet
k a ŋ	$	1	shelf	shelf
ʑ ɛ t	$	1	langur	langur
r a j k		1	field	field
d j ɛ k		1	shoot	shoot
r a j ŋ	$	1	long	long
tɕʰ oː	$	1	mouth	mouth
p ɹ eː	^	1	spider	spider
r aː		1	float	float
tsʰ ĩː	$	1	saliva	saliva
tʰ eˀ	$	1	2pl.incl	2pl.incl
tʰ ɛ ŋ		1	cover (v)	cover (v)
n u	^	1	nose	nose
k a w	^	1	window	window
n u t		1	sago	sago
pʰ yː	^	1	earthworm	earthworm
l e j	$	1	brother-in-law	brother-in-law
m u ŋ		1	finger	finger
m ɔː	$	1	eye	eye
dʑ ɔ	^	1	Monpa	Monpa
h a m	^	1	cotton	cotton
tʰ u p	^	1	shake	shake
r ɛ t		1	lightning	lightning
kʰ ɛˀ	$	1	sheep	sheep
tʰ o		1	day before yesterday	day before yesterday
b a w	$	1	veranda	veranda
l y	^	1	day after tomorrow	day after tomorrow
l y m		1	path, road	path, road
s ɛ n		1	elephant	elephant
ɖʐ eː	$	1	buffalo	buffalo
tʰ u ŋ	^	1	neck	neck
tʰ ɛ k	^	1	nine	nine
tsʰ ɛˀ		1	need to, have to	need to, have to
tɕʰ ɛ̃ː		1	sew	sew
h i k	$	1	bone	bone
ts iː	$	1	fly (n)	fly (n)
ɖʐ ɔː		1	horsefly	horsefly
b ɔː		1	song	song
dʑ ɛˀ	$	1	good	good
ɲ y ŋ		1	breast, milk	breast, milk
b l ɔːʰ		1	tasty	tasty
tɕ o		1	Namshu people	Namshu people
aː		1	how many	how many
kʰ ɛ̃ː	^	1	sour	sour
z øː		1	goat	goat
t iː	$	1	cloud, mist, fog	cloud, mist, fog
t ɔ̃	^	1	earthworm	earthworm
m j ɛ	^	1	much	much
b aˀ		1	fire	fire
t ɔ		1	stump (tree)	stump (tree)
m ũː		1	chili	chili
tɕʰ u ŋ	^	1	star	star
tɕʰ a w		1	boil  (water)	boil  (water)
pʰ ɛˀ		1	plait	plait
z a r	$	1	deaf	deaf
tʰ u	$	1	eggplant	eggplant
tsʰ aː		1	buy	buy
tʰ u m	^	1	stump (tree)	stump (tree)
d eˀ		1	present	present
s ɛ		1	aconite	aconite
g a t		1	break	break
d u m	^	1	stump (tree)	stump (tree)
j ɔ̃		1	wear	wear
s ɛː		1	aconite	aconite
m ɛ ŋ		1	play	play
s u k		1	round, small object	round, small object
l u k		1	pour	pour
ʐ uː	$	1	sister-in-law	sister-in-law
r iː	^	1	mountain peak	mountain peak
m e	^	1	much	much
g ɛˀ	$	1	eight	eight
j ɔ w	$	1	fat (n)	fat (n)
j ɛ s	^	1	buckwheat, bitter	buckwheat, bitter
m o w		1	chest	chest
tʰ a	$	1	heart	heart
tsʰ ɔ ŋ	$	1	roof	roof
dʑ oː		1	live, stay	live, stay
ʈʂʰ a j k	$	1	pheasant, kalij	pheasant, kalij
l i s	$	1	beautiful	beautiful
tsʰ uː	$	1	rain (n)	rain (n)
r ɛ k	^	1	frog	frog
r y ŋ	$	1	jackal	jackal
z uː		1	sister-in-law	sister-in-law
l ɛ		1	ear	ear
m ɛ s	^	1	amaranth	amaranth
tɕʰ ɛ̃ː	$	1	sour	sour
tʰ eː		1	take	take
ʐ ɐ̃ː	$	1	bad	bad
tʰ ɔ w	$	1	eggplant	eggplant
ʂ ɛ̃ː	^	1	Shergaon, people of	Shergaon, people of
f yː		1	blow (wind)	blow (wind)
x y j		1	flow	flow
dʑ a t	$	1	eight	eight
ɖʐ a j k		1	count	count
j e j	^	1	spicy, pungent	spicy, pungent
ɕ a m		1	bridge, hanging	bridge, hanging
h j ɛ k		1	louse	louse
s oː		1	search	search
h y k	$	1	thunder (vi)	thunder (vi)
dz a m		1	buckwheat, sweet	buckwheat, sweet
s ɛ l		1	gold	gold
ʈʂʰ yː		1	kick (v)	kick (v)
h ɛ̃ˀ		1	food	food
pʰ u j		1	flour	flour
ɲ ɔ j		1	tail	tail
g a	$	1	other	other
tɕ ɔ s		1	make	make
z a p	^	1	dirty	dirty
b iː		1	carry	carry
ʂ a ŋ	^	1	pillow	pillow
ts a k		1	stich	stich
tɕʰ ɔ ɹ	$	1	garden	garden
tɕʰ ɔ k	$	1	rest (n)	rest (n)
s k iː		1	deer, barking	deer, barking
ʐ i		1	quiver	quiver
kʰ yː		1	kick (v)	kick (v)
w ɐː		1	plough (v)	plough (v)
ts ɔ m		1	mortar (wood)	mortar (wood)
n uː		1	sister, younger	sister, younger
x a j k	$	1	red	red
ʈʂʰ iː	$	1	deer, barking	deer, barking
w a p	$	1	leech, land	leech, land
dʑ a m u		1	weed, grass	weed, grass
kʰ iː	$	1	creeper, vine	creeper, vine
tɕ u	$	1	mouth	mouth
ts a m	^	1	butterfly	butterfly
d e		1	present	present
pʰ o p	^	1	peas	peas
tɕʰ øː	$	1	hornet	hornet
p l i ŋ	$	1	butterfly	butterfly
l j ɛ k		1	field	field
tʰ ɛ s	$	1	thick	thick
ɹ u ŋ	$	1	cockroach	cockroach
s u ɹ	^	1	garden	garden
pʰ ɛ ʔ		1	arrive	arrive
r ɔ k	$	1	hearth, fireplace	hearth, fireplace
pʰ ɔ̃	$	1	tongue	tongue
pʰ iː		1	insect	insect
k a l	$	1	white	white
p aː	^	1	rainbow	rainbow
ʑ a	^	1	buckwheat, bitter	buckwheat, bitter
dʑ ɐ	^	1	ash	ash
ʈʂʰ iˀ		1	twist	twist
b i s	^	1	noon	noon
tɕʰ ɹ i k	$	1	leech, water	leech, water
h a n	$	1	new	new
ts a ŋ		1	squirrel	squirrel
d y		1	hungry (vi)	hungry (vi)
tsʰ ɐʰ		1	put	put
tɕ a		1	horsefly	horsefly
z u	^	1	porcupine	porcupine
d uː		1	small	small
tɕʰ ɛ ʔ		1	break	break
r u	$	1	here	here
ʑ e j		1	laugh	laugh
tɕʰ ɐ̃ː	$	1	far	far
k oː	$	1	forehead	forehead
l ũ		1	rainbow	rainbow
x ɐ k		1	tie (vt)	tie (vt)
tʰ uː		1	that	that
kʰ ɛ̃ː	$	1	sour	sour
d o w	^	1	bastard	bastard
ʐ a ŋ	$	1	hair (head)	hair (head)
b		1	hearth, fireplace	hearth, fireplace
t a p	$	1	lightning	lightning
m a l		1	butter	butter
p a ŋ	$	1	bat	bat
k u l	$	1	chin	chin
dʑ oː	^	1	yesterday	yesterday
n a l	^	1	2pl.incl	2pl.incl
ɔ̃		1	agent	agent
w ɔ̃ː		1	hornbill	hornbill
g ɛ n	$	1	squirrel, flying	squirrel, flying
b a p	^	1	pine kindle	pine kindle
p o	$	1	hunter	hunter
tɕʰ u k	^	1	wealthy	wealthy
dz ɐ̃ː		1	small	small
h ɐ ŋ	^	1	cotton	cotton
kʰ ɔ k	^	1	day before yesterday	day before yesterday
ʈʂʰ ɐ̃ː	$	1	far	far
tʰ j ɛ ŋ		1	cover (v)	cover (v)
ɕ a p		1	cliff, ravine	cliff, ravine
x a ŋ		1	thread	thread
tɕʰ ɔː		1	jump	jump
t a m	$	1	story	story
kʰ aː	$	1	sheep	sheep
dz a	^	1	falcon	falcon
pʰ a m		1	defeat (vi)	defeat (vi)
ɛː	$	1	this	this
x ɛˀ		1	sow, broadcast	sow, broadcast
l i k		1	elbow	elbow
s iː		1	deer, barking	deer, barking
tsʰ a p	$	1	thin	thin
kʰ j a w		1	squirrel, flying	squirrel, flying
kʰ i ɕ		1	back (wards)	back (wards)
h aˀ		1	food	food
pʰ ɹ uˀ		1	axe	axe
ʂ a n	^	1	ant	ant
g ɹ a ŋ		1	count	count
pʰ aˀ	$	1	ash	ash
m aː		1	bamboo	bamboo
tɕ ɔ̃ː		1	right	right
ɲ iː	$	1	brain	brain
l e		1	do	do
t ɛ ŋ	$	1	dirty	dirty
dʑ ũː ŋ		1	veranda	veranda
kʰ a m	^	1	eye	eye
s ɐ k	^	1	pulse	pulse
z ɛˀ		1	tear (vt)	tear (vt)
ts a ŋ	^	1	squirrel	squirrel
t ɹ ĩ		1	spider	spider
ts a t		1	cut	cut
ɕ a k		1	cliff, ravine	cliff, ravine
n i n	^	1	day after two days	day after two days
b j ɛ ŋ		1	dream (n)	dream (n)
n y ŋ	$	1	shoulder	shoulder
tʰ u k		1	village	village
tɕʰ ø m	$	1	takin	takin
z a ŋ		1	spider	spider
tɕʰ ɔ ɹ		1	wash	wash
ɐː		1	okay	okay
tsʰ i k	^	1	warm, hot (adj.)	warm, hot (adj.)
ɲ i m		1	left (side)	left (side)
ɕ ɛ j		1	buy	buy
l ũ ŋ	$	1	hornbill	hornbill
kʰ l ɛː		1	squirrel, flying	squirrel, flying
tɕʰ ĩː	$	1	liver	liver
tsʰ i	$	1	gall, bile	gall, bile
ɲ i k		1	two	two
z u k	$	1	star	star
ʂ ɛ ʔ		1	exit	exit
h j ɛ k	$	1	red	red
i ɹ		1	ride, mount	ride, mount
tɕʰ ɐʰ		1	put	put
ʐ yː	$	1	trivet	trivet
g o m		1	spider	spider
b l a		1	lightning	lightning
ʈʂʰ ɛ n	$	1	boar, wild	boar, wild
d ɛ j		1	day before two days	day before two days
m a n	^	1	eggplant	eggplant
ʑ i p	^	1	quiver	quiver
k oː		1	door	door
h ø n		1	like, love	like, love
k iˀ		1	day before two days	day before two days
k ɔ w	$	1	partridge	partridge
k yː	$	1	falcon	falcon
t e j		1	sing	sing
l oː	$	1	deity, ghost	deity, ghost
tsʰ ɛː	$	1	mouth	mouth
ɲ i ŋ	$	1	gum	gum
tɕʰ ɔ l		1	wash	wash
n ɔ		1	language	language
w aː	$	1	3sg	3sg
ʐ y	^	1	macaque	macaque
d ɛ m		1	lap	lap
tɕʰ i n	^	1	leech, water	leech, water
l i ɕ		1	beautiful	beautiful
l aˀ		1	leg	leg
tsʰ a m	^	1	butterfly	butterfly
tʰ a ɹ	^	1	year, this	year, this
dʑ ɔ k	^	1	fast	fast
ɕ ɛ l		1	fly (vi)	fly (vi)
ɕ ɔ	$	1	maize	maize
pʰ w ɔ	$	1	cotton	cotton
i ŋ		1	drink	drink
ɕ e j		1	buy	buy
k a ɹ	$	1	white	white
kʰ i ŋ	$	1	veranda	veranda
z j ɛ k		1	bite	bite
ʈʂʰ aː	$	1	thousand	thousand
n ə m yː	^	1	thunder (vi)	thunder (vi)
tʰ ɔ		1	here	here
s a k	$	1	forest	forest
p i m		1	horsefly	horsefly
k a l	^	1	window	window
m ɔ ɹ	^	1	garlic	garlic
z ɛ n	$	1	goral	goral
z ø n		1	hold	hold
tɕ ɛˀ	$	1	beer strainer	beer strainer
w a t	$	1	leech, land	leech, land
t o		1	day before yesterday	day before yesterday
ɟ ɔ k	$	1	ant	ant
cʰ a k		1	bitter (vi)	bitter (vi)
c aː		1	run	run
h u	$	1	rainbow	rainbow
b l ɔːʰ	$	1	tasty	tasty
g ɔ ŋ	$	1	egg	egg
g ɔ̃ː		1	speak	speak
pʰ r a k		1	forget	forget
pʰ ɛ	$	1	leech, land	leech, land
tɕʰ ɛ n		1	fly (vi)	fly (vi)
r oː		1	corpse	corpse
kʰ l aː	$	1	earthworm	earthworm
f ə	^	1	pheasant, kalij	pheasant, kalij
pʰ ɔː	^	1	bat	bat
m i k	^	1	arrow	arrow
j oː		1	steal	steal
tɕʰ ɔ̃ː		1	rest (n)	rest (n)
tɕʰ ɛ m		1	fly (vi)	fly (vi)
pʰ l ɐːʰ	$	1	bastard	bastard
ts i n	$	1	buckwheat, sweet	buckwheat, sweet
l ɛ k		1	field	field
ɲ u k	^	1	word	word
dʑ ɔ̃ː ŋ	$	1	veranda	veranda
l aː	^	1	tongue	tongue
ɹ a	$	1	palm, sole	palm, sole
tɕʰ ũː		1	roof	roof
tɕ a k		1	stich	stich
tʰ w aː		1	this	this
kʰ u		1	Miji people	Miji people
k ɛ	$	1	squirrel	squirrel
h ɐ k		1	tie (vt)	tie (vt)
h ɔ n		1	like, love	like, love
ɕ ɛ l	^	1	Shergaon, people of	Shergaon, people of
ɲ ɔ		1	language	language
ɖʐ ɔ k	$	1	ant	ant
dʑ ɛ j		1	tired (vi)	tired (vi)
l a n	^	1	ladder	ladder
s ĩː		1	smell (n)	smell (n)
s a n	$	1	clean	clean
b ɔ ŋ	$	1	cucumber	cucumber
a l		1	dry, dry up (v.i.)	dry, dry up (v.i.)
k a m		1	cotton	cotton
tʰ u	^	1	here	here
t ɛ j		1	sing	sing
a m		1	female	female
n ɔ̃ː		1	Miji people	Miji people
tʰ u n		1	bring	bring
tʰ l a k	^	1	earthworm	earthworm
tɕ ø n		1	mortar (wood)	mortar (wood)
ɔ̃ː		1	dry, dry up (v.i.)	dry, dry up (v.i.)
tɕʰ o w	$	1	squirrel, flying	squirrel, flying
h ɔ j	^	1	egg	egg
p i		1	horsefly	horsefly
ŋ ɔ	$	1	deaf	deaf
tɕ ø m		1	mortar (wood)	mortar (wood)
ʑ ɛ j		1	laugh	laugh
t ɛ̃ː		1	meat, animal	meat, animal
d z u k	$	1	fast	fast
p øː	$	1	spider	spider
pʰ l aː	$	1	bat	bat
d ɛ̃ ĩ		1	lap	lap
r ũː	$	1	straight	straight
d uˀ		1	civet or spotted wild cat	civet or spotted wild cat
m u l		1	hair (body): feather	hair (body): feather
ɛ̃ː		1	ride, mount	ride, mount
ɲ u j		1	tail	tail
dz y k	$	1	deer, sambar	deer, sambar
h aːʰ	$	1	yellow	yellow
kʰ i t		1	day before two days	day before two days
tɕʰ a p	^	1	thin	thin
pʰ l ɔ	$	1	cotton	cotton
b ɛː	$	1	other	other
tɕʰ iˀ		1	twist	twist
x aː		1	blood	blood
h ɐː		1	plant  (vt)	plant  (vt)
n ø n	$	1	civet, palm	civet, palm
tsʰ a	$	1	rain (n)	rain (n)
ts a		1	palm, sole	palm, sole
h ɔ k	$	1	crow	crow
tɕ ɔ̃ː	^	1	small	small
r ɛ̃ː	$	1	rib	rib
z ɛ̃ː		1	goat	goat
r ɛ		1	do	do
ɕ ɐ k	^	1	pulse	pulse
ʑ a k		1	attic	attic
ɔ w	^	1	that side	that side
h u j		1	blood	blood
ŋ a k	^	1	word	word
ʂ a	^	1	mithun	mithun
kʰ u m	$	1	pillow	pillow
cʰ aː	$	1	chicken	chicken
g l ɔ̃	$	1	pumpkin	pumpkin
z ĩː	$	1	goat	goat
x ĩː	$	1	root	root
tʰ i		1	day before two days	day before two days
tɕʰ u n	$	1	son-in-law	son-in-law
tɕʰ y n	$	1	son-in-law	son-in-law
f ɔ	^	1	crow	crow
g ɔ m		1	spider	spider
tɕʰ ɛˀ		1	thin	thin
r y	^	1	pangolin	pangolin
z eː		1	buffalo	buffalo
tɕ i ɹ		1	wring, squeeze	wring, squeeze
ʐ i k		1	ask	ask
x øː		1	like, love	like, love
pʰ ɔ ɹ	$	1	butterfly	butterfly
tɕ a n	$	1	cold	cold
tʰ e	$	1	2pl.incl	2pl.incl
dʑ øː	$	1	goat	goat
k ɹ aː		1	knee	knee
ts a n	$	1	millet, finger	millet, finger
x ɛ	$	1	left (side)	left (side)
