Gloss	Khispi	Duhumbi	Khoina	Jerigaon	Khoitam	Rahung	Rupa	Shergaon
1sg	ga	ga	guː	guː	guː	guː	guː	guː
2pl.excl	na-lu	na-ɹ 	Ø	Ø	Ø	na-ryː 	naː-bluŋ	naː-bluŋ
2pl.incl	nal-tʰe	naɹ-tʰeˀ	na-tʰik	na-tʰik	na-tʰɛk	na-tʰɛk 	naː-tʰik	naː-tʰik
2sg	naŋ	naŋ	naŋ	naŋ	naŋ	naŋ	naŋ	naŋ
3sg	wuj	wɔj	laŋ-waː	waː	waː-ʥi	hɛˀ ~ ɛˀ	waː 	waː 
ablative	-lɔ	-lɔˀ	-lɔ	-lɔ	-lɔ	-rɔ	-lɔ	-lɔ
above, top	ʨʰaŋ	ʨʰaŋ	a-ʦʰɔ̃ː(ŋ)	a-ʨʰɔ̃ː(ŋ)	a-ʨʰũː(ŋ)	Ø	Ø	Ø
achieve, obtain	man	man	mɐ̃ː	Ø	mɔ̃ː	mɔ̃ː	mɔ̃ː	Ø
aconite	si	si	saː	sɛː	sɛ	sɛˀ 	saː 	saː
after	la-kʰuŋ	la-kʰuŋ	la-kʰyŋ	Ø	Ø	la-kʰyŋ	də-kʰyŋ	Ø
afternoon	Ø	Ø	na-jɔ-tøn	ny-jɔ-tɛn	ny-jɔ	ny-jɔ	ɲaw	ɲaw 
agent	-ɔ	-ɔˀ	Ø	Ø	-ɔ	-ɔ	-ɔ̃	Ø
alive, healthy 	ɔ-haŋ	u-kʰaŋ	Ø	Ø	a-haŋ	a-haŋ	a-haŋ-ba	a-haŋ
all	Ø	Ø	a-tʰɔn-ʥi	Ø	a-tʰɔm	a-tʰɔm	a-tʰɔm	a-tʰɔm
allative	-ta	-ta	Ø	-tɛn	-tan	-tɛn	-tɔː	-tɔː
amaranth	Ø	mɛs-kɔŋ 	Ø	mə-kuŋ	Ø	Ø	Ø	Ø
angry (vi)	(ki) ʦʰik	(ki) ʦʰik	lyŋ ʐyk	lyŋ zyk	liŋ zyk	liŋ zik 	zə-lik	zə-lik
ant	(kʰe-) ʨʰɔk	(kʰin-) ʨʰɔk	ʂan-dʐɔk	san-ʥɔk	saŋ-ʥɔk	saŋ-ʥɔk	san-ɟɔk ~ san-ʥɔk	san-ʥɔk
arrive	pʰɛt	pʰɛt	pʰɛt	pʰɛʔ	pʰɛt	pʰɛt	Ø	Ø
arrow	mik	mik	Ø	mik	mik	mik-ri 	mik	mit
ascend	Ø	ʥaŋ(-luŋ)	ʥaŋ	(kʰa-)ʥaŋ (aŋ)	Ø	(kʰan-)ʥaŋ (ɔŋ)	Ø	Ø
ash	ʨʰu-pʰa 	ʨʰu-pʰaˀ	ʥɐ-pʰlu	ʨʰɐ-pʰlu	ʨʰa-pʰlu	ʨʰa-pʰru ~ ʨʰa-pʰlu	ʨʰa-pʰlu 	ʨʰa-plu
ask	ʥik	ʥik	ʐik	Ø	zik	zik	zik	Ø
associative 	-tʰɔŋ	-tʰɔŋ	-tʰyŋ	Ø	-tʰɔŋ	-tʰɔŋ	-tʰɔ̃ː(ŋ) 	-tʰɔŋ
attic	ʑak ~ ʑap	jap	ʐɔː	Ø	zoː	zoː	zoː	zoː
axe	pʰa	pʰa	pʰu-luˀ	pʰluˀ	pʰluˀ	pʰɹuˀ	pʰluˀ 	pʰluˀ
back (n)	Ø	Ø	na-guŋ	na-kuŋ	(a-)kyː	kyː	ɲa-kʰuŋ ~ ɲa-guŋ	ɲa-kʰuŋ
back (wards) 	kʰiɕ ~ kʰis	Ø	Ø	Ø	li-kʰeː	la-kʰeː 	lə-kʰeː  	Ø
bad1	u-ʑan 	u-ʑan	a-ʐɐ̃ː (-dyː) 	Ø	a-zɔ̃ː 	a-zɔ̃ː 	a-zɔ̃ː 	Ø
bad2	Ø	Ø	a-nu	a-nu	a-nu	a-nu	a-ɲu 	Ø
bamboo	mej	mɛj	maː	mɛˀ	mɛˀ	mɛˀ	maˀ	ma
banana 	Ø	Ø	ma-suŋ	mə-suŋ	mə-suŋ	pʰ-suŋ	mə-suŋ ~ bə-suŋ	mə-suŋ
barley 	pʰɔk	pʰɔk	pʰuk (dakløː)	pʰuk	pʰuk	pʰuk	pʰuk	pʰuk
bastard	daw-la	dow-la	də-pʰlɐːʰ	du-flɐːʰ	du-pʰlɔːʰ	da-pʰlɔːʰ	də-pʰlɔːʰ	də-pʰlɔː
bat	pʰa-baŋ	pʰa-waŋ ~ pʰɔŋ-kʰaŋ	ʥə-pʰlɔ̃ː	ʨʰa-pʰɔ̃ː	pʰɔː-waŋ	ʨʰam-pʰɔm	ʨʰam-pʰlaː ~ ʦʰam-pʰlɔ̃ː ~ pʰaː-baŋ ~ pʰaː-waŋ	paŋ-paŋ
beans	pʰo-bin 	Ø	pʰɔŋ-ba	pʰɔŋ-ba	pʰɔm-bɛ	pʰam-bɛ	pʰam-pʰla 	Ø
bear	ɕa-tʰɔm	ɕa-tʰɔm	ɕ-tʰuŋ	s-tʰuŋ	s-tʰuŋ ~ s-tuŋ 	s-tuŋ	s-tuŋ	s-tuŋ
beat, hit	mak	mak	wɐk	wɐk	Ø	mak 	mak	Ø
beautiful	u-liɕ-ta	u-lis	Ø	Ø	Ø	a-leː-du	a-leː-du	Ø
bee	ʨʰi-kʰus a-ma	ʨʰi-kʰus a-ma	ʨʰə-xø-mɐːʰ	ʨʰə-kʰø-muː	Ø	ʨʰaŋ-kʰø-əm	ʨʰə-kʰø-mɔː 	ʨʰə-kʰe-mɔː
beer filter	tʰɔk	tʰɔk	tʰɔk	tʰɔk	tʰɔk	tʰɔk(-bɹoː)	tʰɔk	(kʰi-)tʰɔk
beer strainer	kʰas-ki	kʰas-ki	Ø	ka-ʨɛˀ	(byŋ) kʰa-ʨi 	Ø	Ø	Ø
behind	la-kʰun	la-kʰun	Ø	Ø	Ø	la-kʰeː	də-kʰeː 	Ø
belly, abdomen	hi-niŋ 	hi-liŋ	sə-rĩː	sə-rĩː	pʰə-riŋ	sə-riŋ	sə-riŋ	sə-riŋ
belt	bu-kʰak	bu-kʰak	bu-kʰɐk	mə-kʰɐk	mə-kʰak	mə-kʰak	mə-kʰak	mə-kʰak
big 	ɔ-dɔk	ɔ-dɔk	a-dɔk 	a-dɔk 	a-dɔk 	a-dɔk 	a-dɔk 	a-dɔk 
bind (v)	dɔŋ	dɔŋ	ruŋ	Ø	Ø	Ø	Ø	Ø
bird	hwa	hwa	fuː	huː	huː	huː	huː	huː
bite	zɛk	zjɛk 	Ø	Ø	zɛk	zɛk	zɛk	zɛk
bitter (vi)	ʨʰak	ʨʰak	a-ʨʰɐk 	ʨʰɐk	ʨʰak	ʨʰak	cʰak ~ ʨʰak	a-ʨʰak 
black	u-ʨʰam	u-ʨʰam	a-tʂʰũː	a-ʨʰɔ̃ː	a-ʨʰũː	a-ʨʰũː	a-ʨʰũː	a-ʨʰɔ̃ː
blood	huj	hɔj	xaː	hɛːʰ	hɛːʰ	hɛːʰ	haːʰ 	haː
blow 	hut	hut	wik	wik	mik	mik	mik	mit
blow (wind)	Ø	Ø	fɔː	Ø	fyː	hyː	Ø	Ø
boar, wild 	ɕa-kʰɛn	ɕa-kʰɛn	ʂ-tʂʰɛn	s-ɛn	s-kan ~ s-kʰan	s-kʰan ~ s-kɛn	s-kan	s-kan
boil  (water)	ʨʰɔw	ʨʰɔw	Ø	ʨʰɔ	ʨʰɔ	ʨʰo	ʦʰaw ~ ʨʰaw 	ʨʰaw
boil (n)	kʰaŋ-pa ~ kʰlaŋ-pa	kʰɹaŋ-pa	gə-kʰaŋ	Ø	kʰa-kʰaŋ	kʰaŋ-kʰaŋ	kʰaŋ-kʰaŋ	Ø
bone	ɕa-kʰus	ɕa-kʰus	a-xyk	i-hik	sə-kik ~ s-kik	s-kik	s-kik	s-kit
borrow1 	luj	lɔj	Ø	Ø	lɛːʰ	Ø	laː	Ø
borrow2 	kʰi	kʰi	ʨʰiː	ʨʰiː	ʨʰiː	Ø	kʰiː ~ ʨʰiː 	kʰiː
bow	li	li	li	li	ri	ri	li 	li
brain	ɕa-ɲu	ɕa-ɲu 	(mə-tʰɛ̃n) sə-nyː	(kʰruk) a-nyː	(kʰruk) a-nyː	(kʰruk) a-nyː	a-ɲyː 	a-ɲiː
branch	Ø	Ø	a-pʰaŋ	a-pʰaŋ	a-pʰaŋ	a-pʰaŋ	a-pʰaŋ	a-pʰaŋ
break	gɛt	gɛt	ʥɛʔ	ʨʰɛʔ	ʥɛʔ ~ ʨʰɛʔ	ʥɛʔ	gat	Ø
breast, milk 	ɲiŋ ~ ɲuŋ	ɲiŋ ~ ɲuŋ 	nyŋ	nyŋ	nyŋ	nyŋ	ɲyŋ	ɲuŋ
breath	buk	buk	byk	byk	byk	byk	byk	buk
bridge	tʰɔn	tʰɔn	tʰøː	tʰøː	tʰĩː	tʰyː	tʰøː	toː(-zam)
bridge, hanging	Ø	ɕam	sɔ̃ː 	Ø	sũː(ŋ)	Ø	sũː	Ø
bring	tʰun	Ø	ʨʰuː	ʨʰuː	ʨʰuː	ʨʰuː	ʨʰu	Ø
brother (elder)	a-da	a-daˀ	a-ja	a-jɛˀ	gə-bɛˀ ~ a-bɛˀ	a-bɛˀ	a-bu	a-bu
brother-in-law	a-lej ~ a-li	a-lɛj	a-raː	a-rɛː	a-rɛː	a-rɛː	a-raː 	a-raː
brother, younger 	ɔ-nɔw	ɔ-nɔw 	Ø	a-nuː	a-nuː	a-nuː	a-nuː	a-nuː
buckwheat, bitter 	jɛs-ma	ʑa-ma ~ bɹa-ma	dza-m	ʥə-muː	ʥu-m	ʥə-muː	dzə-muː	ʥə-muː
buckwheat, sweet 	gun-ʦun	gun-ʦun	ʣam gə-ʦiŋ	kʰ-ʨiŋ	kʰiŋ-ʨiŋ	kʰan-ʨiŋ	gə-ʦin	gə-ʨin
buffalo	Ø	Ø	ʂə-dʐeː	sə-ʥeː	ʥə-zeː ~ zə-zeː	zeː	zə-gyː(ŋ) ~ zə-geː	zə-geː
Bugun 	Ø	Ø	ʂə-luŋ	Ø	Ø	su-luŋ	sə-luŋ	su-luŋ
burn (vi)	haj	haj	ha	hɛ	hɛ	hɛ	ha 	ha
burn, roast (vt)	di	di	riː	Ø	riː	Ø	riː 	Ø
butter	mal	maɹ	mɐ̃ː	mɐ̃ː	mɔ̃ː	mɔ̃ː	mɔ̃ː	mɔ̃ː
butterfly	Ø	(pɛm-)pi-liŋ 	ʦʰam-pʰlɔ̃ː	ʨʰam-blɔ̃ː ~ ʨʰam-pʰlɔ̃ː	ʨʰam-pʰlɔː	ʨʰam-pʰɔɹ	ʦam-pyŋ ~ ʨam-pyŋ ~ ʨam-pliŋ	ʨʰam-pliŋ
buy	ɕej	ɕɛj	ʦʰaː	ʨʰɛː ~ ʨʰaː	ʨʰɛː	ʨʰɛː	ʨʰaː ~ ʦʰaː 	ʨʰaː
call for	kʰal	kʰaɹ	kʰɛ(n)	kʰɛ(n)	kʰan	kʰan ~ kʰɛ(n)	kʰan	kʰan
cane	kʰi	kʰi	ʨʰi	ʨʰi	ʨʰi	ʨʰi	kʰi 	kʰi
cap, hat	kʰɔ-tʰuŋ ~ kʰɔ-tʰɔŋ	kʰɔ-tʰɔŋ	gə-tʰuŋ	kʰ-tʰuŋ	kʰ-tʰuŋ	kʰan-tʰuŋ	gə-tʰuŋ	kʰ-tʰuŋ
carry 	bu	bu	byː	byː	byː	byː	byː 	biː
cat	ɲaŋ-bu	ɲaŋ-bu 	nam-byː	nam-byː 	nam-byː	nam-byː	ɲam-byː 	ɲam-biː
cattle, cow	ɕa	ɕa	ʂuː	huː	huː	huː 	s-puː 	s-puː
cave	kʰip	kʰip	tʂʰeˀ	ʨʰeˀ	ʨʰeˀ	ʨʰeˀ	kʰeˀ 	kʰeː
charcoal	bɛŋ-kʰan	Ø	bə-kʰɐ̃ː	ba-kʰə-muː  ~ ba-møː	ba-kʰɔ̃ː	mə-kʰɔ̃ː	ba-kʰɔ̃ː	ba-kʰɔ̃ː
chest	Ø	mɔw 	ma-wɔ	Ø	mu-wɔ	mow  ~ mo 	mə-jaw ~ mwo 	Ø
chew	ka	ka	kaˀ	kaˀ	ka	ka	ku ~ kuː	Ø
chicken	hwa-kʰi	hɔː-ki ~ hu-ki	bə-ʨʰaː	pʰ-ʨʰɛː	pʰ-ʨʰɛː	pʰ-ʨʰɛː	bə-cʰaː ~ bə-ʨʰaː 	pʰ-ʨʰaː
child	Ø	a-nu	a-nyː	a-nyː	a-nyː	a-nyː	nə-nyː 	nə-nu
chili	maŋ 	maŋ	mɔ̃ː	mɔ̃ː	mũː	mɔŋ 	mɔŋ	mɔŋ
chin	hin-kul ~ hin-kuɹ	Ø	ny-ju-kʰuː	ny-jɔ-kʰuː	nə-wu	ma-wu	Ø	Ø
civet or spotted wild cat 	Ø	Ø	saŋ-gə-du	saŋ-gə-du	ʦiŋ-gə-duˀ	saŋ-du	saŋ-gə-tu	saŋ-kə-tu
civet, palm 	Ø	Ø	s-nøn	Ø	su-nɔm	Ø	Ø	sə-ɲɔm
clean	u-ʦaŋ	u-ʦaŋ	a-san	Ø	Ø	a-sam	a-sam	Ø
cliff, ravine	ɕap ~ ɕak	ɕak	ʦʰɐk	ʨʰɐk	ʨʰak	ʨʰak	ʦʰak ~ ʨʰak	ʨʰak
clitoris	Ø	Ø	da-pɛː	Ø	peː 	peː 	ʨɔp-beː ~ ʨɔ-peː	ʨɔp-beː
clothing	wat	wat	jɐˀ	jɐˀ	jɔˀ	jɔˀ	jɔˀ	jɔ
cloud, mist, fog	tɔŋ-ti ~ tɔŋ-tej	Ø	ʂ-tyː	s-tyː	syŋ-tyː	syn-tyː	ʦə-tyː ~ s-tyː 	sin-tiː ~ sin-tyː 
cockroach	ʨʰik-duŋ 	Ø	Ø	Ø	(pʰyː) ʨʰu-luŋ	(ba-)ʨʰu-ɹuŋ	(bə-)ʨʰu-luŋ	(bu-)ʨʰu-luŋ
cold	ɔ-ʦɛn	ɔ-ʦɛn	a-ʦɛn	a-ʨɛn	a-ʨan	a-ʨɛn	a-ʨʰan	Ø
cold (vi) 	lam	lam	ran	ran	ram	ram	rɛŋ 	Ø
comb	tas	tas 	nɐ̃	nɐ̃	nɔ̃	nɔ̃	nɔ̃	nɔ̃
come	un	lɔn	u	u	un	un	Ø	Ø
comparative degree	-ɕɔk	-ɕɔk	Ø	-sɔk	-sɔk	-sɔk	Ø	Ø
cook1 	dɔŋ	dɔŋ	Ø	Ø	Ø	ruŋ	ruŋ	Ø
cook2 	Ø	Ø	tʰyŋ	tʰyŋ	Ø	Ø	tʰuŋ 	tʰuŋ
copula, existential	be	beˀ 	bɛˀ	bɛˀ	bɛˀ	bɛˀ	ba 	ba
copula, negative	ba-ju	bɔ-ju	by-yː	by-yː	by-yː	Ø	by-yː ~ bi-iː	bi-iː
corpse	lu ~ lɔː	rɔː 	(i-i-)rɔː	rɔː	rɔː	roː	raw 	raw
cotton	Ø	kam-bɛj bu	xɐm-pʰɐ	hɐm-pʰɐ	ham-pʰlɔ	haŋ-pʰ-gɔ ~ haŋ-kʰu-bɔ̃	hɐŋ-pʰwɔ ~ kam-bɛj	kam-ba
cough (vi)	ʦʰu	ʦʰu	ʦʰyː	Ø	ʨʰyː	ʨʰyː	ʨʰyː 	Ø
count	gaŋ	gɹaŋ	dʐajk	ʥɛk	ʥɛk	ʥɛk	gɛk	gɛk
cover (v)	Ø	tʰjɛŋ	Ø	Ø	Ø	Ø	tʰɛŋ	Ø
creeper, vine	(mɛn-)tʰak	(mɛn-)tʰak 	tʰɐk-kʰyː	tʰɐk-kʰyː	tʰak-kʰyː	tʰak-kʰyː	Ø	tʰak-kʰiː
crow	haŋ-ŋa 	Ø	fɔ-ɔ̃ː	hɔ-ɔ̃ː	hu-ɔ̃ː	hɔ-ɔ̃ː	bə-hɔk	Ø
cry	kʰip	kʰip	tʂʰeˀ	ʨʰeˀ	ʨʰeˀ	ʨʰeˀ	kʰeˀ 	kʰeː
cucumber	mɛm-bɔŋ	mɛm-pʰɔŋ 	ma-buŋ	ma-buŋ	ma-buŋ	ma-buŋ	mə-/bə-buŋ	mə-buŋ
curcuma sp.	Ø	bɔs	bøˀ	Ø	beˀ	bøˀ	Ø	Ø
cure (vi)	ʥamp	ʥamp 	ʥa	Ø	ʥap	ʥap	Ø	Ø
cut	Ø	ʨʰat	ʦat	ʨɛk	ʨɛk	ʨɛk	ʦɛk ~ ʨɛk	ʨɛk
dance	Ø	Ø	ʂuː	suː	suː	suː	suː 	suː
daughter	da-mu	da-mu	(a-) də-myː	də-myː	də-myː	də-myː	də-myː 	di-miː
daughter-in-law 	u-ʨʰam	u-ʨʰam	a-ʨʰan	Ø	a-ʨʰam	a-ʨʰam	a-ʨʰam 	Ø
day after tomorrow	Ø	lɔw-la	lə-luː	lɛn-lu	luŋ-luː	luŋ-luː	li-luː	ly-luː
day after two days	lɔw-ki	lɔw-kiˀ	lə-ʨik	lɛn-ʨik 	liŋ-ʨik	nin-ʨik 	liŋ-kit	liŋ-kʰit 
day before two days	-	dɛj-kiˀ-ni	di-ʨik-ri 	si-ʨik-hi 	Ø	Ø	di-kʰit-ni 	tʰi-kʰik-ni 
day before yesterday	dɔ-kʰɔ-ni	dɔ-kʰɔ-ni	tʰ-kʰɔk-niː	to-kʰok-hi 	kʰɔk-niː	kʰɔk-nə-hɔ	do-kʰok-ni 	tʰo-kʰok-ni 
deaf	bɛŋ-zar	bjɛŋ-ka	Ø	Ø	(kʰɔm-)pʰaŋ	Ø	bɛŋ-ŋɔ	Ø
deep	Ø	Ø	a-dʐyː	a-ʥə-ryː	a-ʥə-ryː	ʥə-ryː	a-gyː	a-giː
deer, barking 	(ʥaŋ-)ɕi-ki	(ʥaŋ-)ɕi-ki	ʂ-tʂʰiː	siː	sə-kiː ~ s-kiː	s-kiː ~ sə-kiː ~ sə-kʰiː	skiː  ~ sə-kiː	sə-kiː
deer, sambar 	ɕa-ʥuŋ 	Ø	sy-ʣyk	Ø	ʥə-zyk	Ø	zyk	Ø
defeat (vi) 	Ø	pʰam	Ø	Ø	pʰũː(ŋ)	pʰũː(ŋ)	Ø	Ø
deity, ghost	la ~ ɬa	la ~ ɬa	mə-hɔː	Ø	mə-lɔː	mə-loː	loː	Ø
descend	ju	ju	jyː	Ø	jyː	jyː	jyː 	Ø
die	i	i	iː	iː	iː	iː	iː 	iː
dig	jɔk	jɔk	Ø	jɔk	Ø	jɔk	wɔk	Ø
dirty	Ø	Ø	a-ʐɛʔ	a-zɛʔ	a-zɛʔ	a-zɛʔ	zat-mi	zap-tɛŋ
disease 	Ø	Ø	(ku-)ruŋ	nuŋ 	nuŋ 	nuŋ 	nuŋ 	-
do	li	le	ra	ra ~ rɛ	rɛ	ra ~ rɛ	ra 	ra
dog	wa-tʰi 	wa-tʰi	bə-tʰaː	pʰ-tʰɛː	pʰ-tʰɛː	pʰ-tʰɛː	bə-tʰaː 	pʰ-tʰaː
dog, wild 	Ø	Ø	(də-)ʦʰɔ̃ː	sɔː	Ø	ʦə-sɔm 	saw	saw
door	ku	kɔː 	kɔː	kɔː	kɔː	koː	kaw 	kaw
down 	be ~ bja	be 	buː(-rɔ)	buː(-tɛn) 	buː(-lɔ)	Ø	buː(-tɔ)	buː(-tɔ)
down (visible)	kʰaj ~ kʰja	kʰe ~ kʰja	Ø	Ø	kʰwa(-ʥi)	kʰa	Ø	Ø
dragon, thunder, lightning	Ø	Ø	nə-ʦʰaː	Ø	Ø	nam-ʨʰə-rɛː	Ø	Ø
dream (n)	bɛŋ(-kʰan)	bjɛŋ(-kʰan)	bɛn	bɛn	ban	ban ~ bɛn	ban	ban
drink	ɲiŋ ~ ɲuŋ 	ɲiŋ ~ ɲuŋ	lyŋ	liŋ	liŋ	liŋ	liŋ	iŋ
dry (adj.)	wal ~ ɔ-wal	wa-aɹ	ɔ-ɐ̃ː	yk-ɐ̃ː	yk-ɔ̃ː	ɔ-ɔ̃ː	ɔ-ɔ̃ː	ɔ-ɔ̃ː
dry, dry up (v.i.)	al	aɹ	Ø	ɐ̃ː	Ø	Ø	ɔ̃ː	Ø
dual 	-ziŋ	-ziŋ	Ø	Ø	Ø	-zik 	-ziŋ	-ziŋ
eagle, buzzard	ha-ʦum	hu-ʦum	Ø	Ø	pə-ʨyŋ	bə-ʨyŋ ~ pʰ-ʨyŋ	bə-ʨiŋ	Ø
ear	kʰu-tʰuŋ	kʰu-tʰuŋ	ga-tʰyŋ	kʰ-tʰyŋ-lɛ 	kʰ-tʰyŋ	kʰ-tʰyŋ	gə-tʰyŋ	kʰə-tʰuŋ-lap
earthworm	(ɕala) pʰu-tʰin	Ø	tʰa-kʰ-laː	tʰlak-kʰlaː ~ də-kʰlak-kʰlaː	pʰ-tʰaŋ-hɔ̃ː ~ pi-taŋ-hɔ̃ː	tɔ̃-hɔ̃ː	pʰyː dɔ̃(ŋ)hɔ̃ː 	Ø
eat	ʨʰa	ʨʰa	ʦʰu	ʨʰu	ʨʰu	ʨʰu	ʦʰu ~ ʨʰu 	ʨʰu
egg	ɔ-gɔŋ 	hɔj-ʥɔŋ	a-juŋ	a-juŋ	a-juŋ	a-juŋ	a-juŋ	Ø
eggplant	ban-tʰu	ban-tʰɔw	ma-tʰɔː	mə-tʰɔː	mə-tʰoː	pʰ-tʰoː	man-tʰoː 	ban-tʰoː
eight	saɹ-gɛː	saɹ-gɛˀ	saɹ-gɛʔ ~ saɹ-ʥɛʔ	saɹ-gɛʔ	saɹ-ʥɛʔ	saɹ-ʥɛʔ	saɹ-ɟat ~ saɹ-ʥat	saɹ-ʥat
elbow	Ø	ki-lik-pa	ji ʦə-ryː	ik ʨə-ryː	ik kə-li	ik kə-ri	ik kə-li 	ik kə-li
elephant	Ø	Ø	ʂu-ʂiŋ-tʰɔŋ	su-sɛn-tʰɔŋ	su-san-tʰɔŋ	su-san-tʰɔŋ	s-tɔŋ	s-tɔŋ
empty	Ø	Ø	a-ruk	a-ruk	a-ruk	a-ruk	a-ruk	a-ruk
excrement	Ø	Ø	jaː	jɛː ~ jaː	jɛː	jɛː	jaː	jaː
excrete 	ʨʰat	ʨʰɛt 	tʂʰɐ̃	ʨʰɐ̃	Ø	ʨʰɔ̃	ʨʰɔ̃	ʨʰɔ̃
exit	ɕɛt	ɕɛt	ʂɛʔ	sɛʔ	sɛt	sɛt	sat	sat
eye	kʰu-mɔː	kʰu-m	ga-byː	kʰa-byː	kʰa-byː	kʰam-byː ~ kʰa-byː	kʰa-byː ~ kʰə-byː 	kʰi-biː
face1	Ø	zuk	zyk	Ø	zyk	zyk	zyk	Ø
face2 	muj	mɛj	miː 	miː	miː	miː 	myː 	Ø
falcon	hwa-ʨɔŋ-ki	hwa-ʨɔŋ-ki	ʣa-kyː	ʨaŋ-kə-luŋ	Ø	Ø	Ø	Ø
fall1 	ɕa	ɕa	Ø	Ø	Ø	ʨʰuː	ʦʰuː  ~ ʨʰuː 	Ø
fall2	Ø	Ø	Ø	hiŋ	hiŋ	hyŋ	hĩː	hĩː
far	Ø	Ø	a-tʂʰɐ̃ː	a-ʨʰɐ̃ː	a-ʨʰɔ̃ː	a-ʨʰɔ̃ː	a-ʨʰɔ̃ː	a-ʨʰɔ̃ː
fast	Ø	ʥɔk-pu	a-ʥɔk	a-ʥɔk	a-ʥɔk	a-ʥɔk	a-dzuk ~ a-dzɔk	a-ʥɔk
fat (n)	ɔ-ju ~ u-ju	ɔ-jɔw	a-jɔː	a-jɔː	a-joː	a-joː	a-joː 	a-joː
father	a-ba	a-pa	a-bɔː	a-bɔː	a-bɔː	a-boː	a-boː ~ a-poː ~ bɔ-ja	Ø
fear (vi)	Ø	Ø	fuŋ	huŋ	huŋ	huŋ	huŋ	huŋ
female 	u-ma ~ a-ma	u-ma	am ~ a-muː 	a-muː 	a-muː 	a-muː 	a-muː	a-muː
fence	gɔŋ	gɔŋ	Ø	Ø	guŋ	guŋ	Ø	Ø
fern, fiddlehead 	daŋ-sum	daŋ-sum	daŋ-søn	daŋ-søn	daŋ-sɔm	daŋ-søm	daŋ-sɔm ~ daŋ-sum	daŋ-sum 
fetch	la	la	Ø	Ø	luː	loː	luː ~ ruː	luː
few, little	Ø	Ø	a-ʨʰaː	a-ʨʰɛː	a-ʨʰɛː	a-ʨʰɛː	Ø	Ø
field 	lɛk	ljɛk	rajk	rɛˀ	rɛk(-zĩː)	rɛk	rɛk ~ rɛk(-saŋ)	rɛk(-saŋ)
finger 	hut ɕa-da	hut bɹa-ma	ik a-du	ik a-du	ik bɹɔm	ik pɹø-muŋ ~ ik-bɹɔm	ik ʦʰik ~ ik-ʨʰik ~ ik-ʨʰĩː	Ø
fire	bej	bɛj	baː	bɛˀ	bɛˀ	bɛˀ	baˀ 	ba
fire prefix	bu-	bu-	ba-	ba-	ba-	ba-	ba-	ba-
fish	ŋa	ŋa	nu	nu	nu(ŋ)	nu(ŋ)	ɲu ~ ɲuŋ	ɲu
five	kʰa	kʰa	kʰuː	kʰuː	kʰuː	kʰuː	kʰuː	kʰuː
flame	Ø	(bɛj) ɬap 	Ø	Ø	(bɛ-) lap ~ (ba-) lap	Ø	(ba) a-lap ~ (ba-) lap	Ø
flee	jɛt	jɛt	Ø	Ø	jɛt	jɛt	jat	jat
float	Ø	Ø	Ø	raː (-tʰɔn)	rɛː (-tʰĩː)	rɛː (-tʰyː)	Ø	Ø
flour	pʰuj	pʰɔj	nə-faː	nə-hɛːʰ	nə-pʰɛːʰ	mə-hɛːʰ	nə-pʰaː	nə-pʰaː
flow	Ø	wa 	xyj(ŋ)	hyŋ	hyŋ	Ø	haw	haw
fly (n)	Ø	Ø	bə-ʨiŋ-ʨɔŋ ~ bə-ʨiŋ-pʰuŋ	pʰə-ʨiŋ-ʨɔŋ ~mə-ʨiŋ-ʨɔŋ	pʰ-ʦiː ~ pʰ-ʨiː 	ʨa-pim	bə-ʨiŋ	bə-ʨiŋ
fly (vi)	ɕɛl	ɕɛɹ	ʦʰɛn	ʨʰɛn	ʨʰan	ʨʰɛm	ʨʰan ~ ʦʰan	ʨʰan
fodder	ʦi	ʦi	də-ʦʰik 	Ø	ʨiː	ʨiː	də-sɛː ~ siː 	Ø
food 	hɔj	Ø	haː	hɛ̃ː	hɛ̃ˀ	hɛˀ 	haˀ ~ haː	haː
forehead	Ø	Ø	ma-kɔː	mu-kɔː	mu-kɔː	mə-koː	mə-kaw 	mə-kaw
forest1 	Ø	Ø	ri-ʂɛˀ	rə-sɛˀ	a-sak	a-seˀ	ɟaŋ-seˀ ~ ʥaŋ-seˀ	ʥaŋ-se
forest2 	ʥaŋ 	ʥaŋ 	Ø	Ø	Ø	Ø	ɟaŋ-seˀ 	ʥaŋ-se
forget	(ganʥi) pʰak	Ø	pʰlɐk	pʰlɐk	pʰlak	pʰrak	pʰlak	pʰlak
four 	p-ɕi	p-ɕi	p-ʂiː	p-siː	p-siː	p-siː	bə-siː 	p-ɕi 
friend	lɔk	lɔk	rɔk	kʰ-rɔ̃ː ~ kʰu-rɔ̃ː	kʰə-nũː	kʰə-nũː	rɔk	rɔk
frog 	duŋ-ta	duŋ-taˀ ~ dum-ta	rə-tu	rɛk-tu	rik-tu	rik-tu	riː-gə-tu	Ø
frost	nam-ba	Ø	Ø	Ø	nam-bluː	nam-bruː	nam-bluː	nam-bluː
fruit	Ø	Ø	Ø	Ø	mə-laŋ	mə-laŋ	mə-laŋ	mə-laŋ
frying pan	Ø	Ø	kʰə-jaː	Ø	kʰ-jɛː	kʰi-jɛː	kʰ-jaː	Ø
full	pɕiŋ- ~ ɕiŋ-ba	pɕiŋ-ba	a-pʰiŋ	a-pʰiŋ	a-pʰiŋ	a-pʰiŋ	pʰiŋ-ba	pʰiŋ 
gall, bile	ɕa-ɕi	Ø	a-ʦʰi	a-ʨʰi	a-ʨʰi	a-ʨʰi	a-ʨʰi	a-ʨʰi
garden	suɹ-ʨʰuɹ	sɔɹ-ʨʰuɹ	Ø	Ø	moː-ʨʰɔɹ	Ø	Ø	Ø
garlic	maŋ	maŋ	ma-siŋ	mɔɹ-siŋ	mɔ-siŋ	Ø	mɔŋ-siŋ	mɔŋ-siŋ
give	ɕi	ɕi	ʦʰiː	ʨʰiː	ʨʰiː	ʨʰiː	ʨʰiː  ~ ʣiː	ʨʰiː
go	ɔŋ	ɔŋ	ɔŋ	aŋ	aŋ	ɔŋ	ɔŋ	ɔŋ
goat	Ø	Ø	sy-ʣøː	sə-ʥøː	ʥə-zĩː	zyː	zøː ~ zɛ̃ː	zɛ̃ː
goitre	du-lu	du-luˀ ~ dɔ-rɔˀ	Ø	d-rɔ	d-rɔː	d-roː	də-raw	də-raw
gold	sɛl	sɛɹ	siŋ	siŋ	sɛɹ	sɛɹ	sin	sin
good 	Ø	ɔ-ʥɔp 	a-dʐaˀ	a-ʥɛˀ	a-ʥap	a-ʥap	a-ɟap ~ a-ʥap	a-ʥap
goral 	ɕa-ʑɛl	ɕa-zɛɹ 	Ø	sə-zɛn	ʥə-zan	zan	zan	zan
gourd	kʰa-ʨʰɔŋ (law)	Ø	kʰ-ʨʰuŋ	Ø	Ø	kʰ-ʨʰuŋ	Ø	Ø
grandfather	Ø	Ø	a-suː	Ø	Ø	a-suː	a-suː	Ø
grandmother	a-ji	a-ji	a-jɐʰ	a-jɐʰ	a-jɔʰ	a-jɔʰ	a-jɔʰ	a-jiː
green	jaŋ ~ ʥaŋ-ku	jaŋ	ɔ-xɐ̃ː	ɔ-hɐ̃ː	ɔ-hɔ̃ː	ɔ-hɔ̃ː	ɔ-hɔ̃ː	ɔ-hɔ̃ː
grind, pound	Ø	Ø	ʐyː	zyː	zyː(n)	zyː	zyː(n) 	ziː
gum 	Ø	ɕa-ɲi-lum 	mə-ʂə-rĩː	Ø	Ø	sə-niŋ	sə-ɲiŋ	Ø
hail	Ø	Ø	na-jyŋ	nə-jiŋ	ny-jiŋ 	niŋ  ~ niŋ nam-bruː	ny-jyŋ	Ø
hair (body): feather	mul ~ muɹ 	Ø	a-miŋ	a-miŋ	a-miŋ	a-miŋ 	a-miŋ 	a-miŋ ~ min-du
hair (head)	kʰu-ɕaŋ 	kʰu-ɕaŋ ~ kʰu-zjaŋ	gə-ʐaŋ	gə-zaŋ	gə-zaŋ	gə-zaŋ	gə-zaŋ	gə-zaŋ
halt, stop	Ø	kak	kʰɐk	Ø	Ø	gak	Ø	Ø
hand, arm	hut	hut	ik	ik	ik	ik	ik	ik
hard	Ø	Ø	Ø	a-ʨuː	a-ʨuː	a-ʨuː	a-ʦuː ~ a-ʨuː	a-ʨuː
hatch	Ø	ʦɔk	ʦɔk	Ø	ʨɔk	ʨɔk	Ø	Ø
head	kʰɔ-lɔk	kʰɔ-lɔk	Ø	kʰ-ruk	kʰ-ruk	kʰ-ruk	kʰ-ruk	kʰ-ruk
heart	lɔŋ-tʰa ~ luŋ-tʰa	luŋ-tʰak 	ʂə-lyŋ	sə-lyŋ	sə-lyŋ	sə-lyŋ	s(ə)-lyŋ	sə-luŋ
hearth, fireplace	bu-du	bɛj-dup ~ bu-dup	Ø	Ø	b-rɔp	b-r-p	b-rɔp	b-rɔk
heavy	u-li	u-li	a-liː	a-liː	a-liː	a-liː	a-liː 	a-liː
here	Ø	Ø	tʰa ~ tʰə-nɔː-rɔ	tʰ-rɔ ~ u-tʰu-rɔ	tʰ-ru	tʰ-ruŋ	tʰu-gɔ	tʰɔ
hide	uk 	uk	uk	uk	uk	uk	uk	uk
hold	zum	zum	Ø	zøn	zɔm	Ø	zɔm	zɔm
honey 	ʨʰi-ʨʰu	ʨʰi-ʨʰu ~ ʨʰu-ʨʰu	ʦʰiː	ʨʰiː	ʦʰə-siː ~ ʦʰ-siː ~ ʦʰiː	Ø	ʨʰiː	ʨʰiː
horn	kʰɛŋ	kʰjɛŋ	tʂʰajŋ	ʨʰɛŋ	ʨʰɛŋ	ʨʰɛŋ	kʰɛŋ	kʰɛŋ
hornbill	Ø	Ø	ʨʰa-lu-wɔ̃ː(ŋ)	Ø	pʰu-lũː(ŋ)	hu-lũŋ	də-wɔŋ 	Ø
hornet 	Ø	ʨʰik-ʨʰu kʰɔ-lɔk	də-ʦʰyː	ʨʰyː ~ sə-ʨʰyː(ŋ)	ʦʰ-syː ~ ʦʰə-syː	Ø	də-ʨʰøː 	Ø
horse	ɕ-ta	ɕ-taˀ ~ ɕip-taˀ 	ʂ-tu	s-tu	s-tu	s-tu	s-tu 	s-tu
horsefly 	Ø	tam-pi	tim-pu la-dʐɔː	Ø	tam-pi la-ʥɔŋ	ʨa-pim-ʥɔŋ	Ø	Ø
house	wam	wam	jan	jan ~ jɛn	jam	jam	jam	jam
how many	a-pʰi-n	a-pʰi ~ a-pʰi-hin ~ a-pʰi-n	nə-pʰaː hɛn	Ø	Ø	mə-pʰɛː-hɛn	ɲə-pãj-jaː-aː  ~ ja-pãj	nə-pa-n
human being	bu-dun	bu-dun	ʥə-riŋ	ʥə-riŋ	ʥə-riŋ	ʥə-riŋ	ʥə-rin	ʥi-rin
human being prefix 	bi-	bi-	ʣi- ~ ʥi-	ʥi-	ʥi-	ʥi-	ʥi- ~ ʣi-	ʥi-
hungry (vi)	kʰam	kʰam	a-kʰũː(ŋ)-dy 	kʰɔ̃ː(ŋ)	kʰũː(ŋ)	kʰũː(ŋ)	kʰũː(ŋ)	kʰɔ̃ː
hunter	ɕa-pa	ɕa-pa	sa-pɐ	sa-pɐ	sa-pɔ	sa-pɔ	sa-pɔ	sa-po
husband	u-ja	ɔj	a-jaː	a-jɛːʰ	a-jɛːʰ	a-jɛːʰ	a-jaː 	a-jaː
ice	kʰɛk	kʰɛt	Ø	Ø	kak	kak	kak	kak
imperative	-ma	-ma	-ma	-ma	-mɔ	-mɔ	-mɔ	-mɔ
in	Ø	Ø	a-lyŋ	a-lyŋ	a-lyŋ	a-lyŋ	a-lyŋ	a-luŋ
Indo-Aryan person	bi-ʨʰa	bi-ʨʰa	də-ʨʰuː	Ø	ʨʰə-ʨʰuː	ʨʰə-ʨʰuː	nə-ʨʰuː ~ də-ʨʰuː	də-ʨʰuː
insect	pʰu	pʰu	pʰyː(j)	pʰyː	pʰyː	pʰyː(j)	pʰyː 	pʰiː
intestines	Ø	Ø	a-haː	a-lɛːʰ	a-lɛːʰ ~ a-rɛːʰ	a-lɛːʰ	a-laː 	a-laː
iron	Ø	Ø	sɛ̃ĩ	sɛ̃ĩ	ʨĩˀ 	ʨĩˀ	sɛ̃ːˀ 	sɛ̃ː
itch	aw	aw	ɔː	ɔː	oː	oː	oː 	oː
jackal 	mej-lɔŋ	mɛj-rɔŋ	Ø	mɛ-rɔŋ	Ø	Ø	mə-ryŋ	maj-rɔŋ
Jerigaon people 	Ø	Ø	də-ʨĩː-ʥi	kʰ-ʨĩː-ʥi	Ø	Ø	di-ʨʰi-ʥi 	Ø
jump	ʥɔŋ	ʥɔŋ	ʦʰɛː	Ø	ʨʰɔː	ʨʰoː	ʦʰaw 	Ø
keep, remain	da	da	Ø	ruː	Ø	Ø	ruː	Ø
Khoitam people	kʰus-tam-bi	Ø	gə-tam-ʥi	kʰ-tam-ʥi	Ø	Ø	gə-tam-ʥi	ka-tam-ʥi 
kick (v)	lɛj tɔm	lɛj tɔm	la-tʂʰyː tuŋ	la-ʨʰyː tuŋ ~ la-ʨʰøː tuŋ	la-ʨʰyː rɛˀ	la-ʨʰyː rɛˀ	la-kʰyː raˀ	la-kʰiː raˀ
kill	at	at	ɐˀ	ɐˀ	ɔˀ	ɔˀ	ɔˀ	ɔ
kiss (n)	ʨup	ʨup	ʦyː	Ø	ʨup	ʨup	ʦup	Ø
knee	kɔː-lɔk-pa	kɔː-lɔk-pa	ja-pʰyk kɹaː	la-pʰyk kɹiː	lə-pʰik-kʰɔm ~ lə-kʰyk-kʰɔm	la-pʰik-kʰɔm ~ la-pʰik-kʰøm	lə-pʰyk ~ lə-fyk	kʰlɔk-puː
know	dɛn	dɛn	dɛn	dɛn	dan	dɛn	dan	dan
ladder	luŋ-tʰuŋ	luŋ-tʰuŋ	la-tʰøː	lə-tʰøː	liŋ-tʰĩː	lan-tʰyː	lə-tʰøː ~ də-tʰøː	lə-tʰøː
language	ŋak ~ ŋap	ŋak ~ ŋap	nɔ	nu ~ nɔ	nu	nuk	ɲuk ~ ɲu	ɲɔ
langur 	ɕa-ʑa ~ sa-ʑat	ɕa-ʑɛt ~ ɕa-ʑɛˀ 	zə-zu	zə-zu	zə-zu ~ ʥə-zu	zu	zə-zu 	zu
lap	de-ma 	dɛm 	dɛ̃ː	dɛ̃ĩ	dĩː	dĩː	dɛ̃ː	dɛ̃ː
late (vi)	Ø	jɔt	Ø	jeˀ	jeˀ	jeˀ	jeˀ	Ø
laugh	ʑej ~ ʑe	ʑɛj	ʐaː	zɛ ~ zaː	zɛː	zɛː	zaː 	zaː
leaf	u-lap	u-lap	a-la	a-lɛˀ	a-rap	a-rap	a-lap	a-lap
leaf litter	sum-ba	sum-baˀ	sɔɹ-bɔ	sɔɹ-bɔ	su-bɔ	sə-boː	sɔɹ-bɔ	sɛj-bu
leech, land	pat-pa	pat-pa	pʰa-wɛ	pʰy-wɛ	pʰu-wap	pʰə-pʰɛ	pʰu-wat	pat-pu
leech, water	pʰu-tis	Ø	di-ʦʰik	pʰyː pʰ-ʨʰik	pʰ-ʨʰik	pʰ-ʨʰik	Ø	ʨʰin-ʨʰɹik
left (side)	ɲim-lak-pa ~ ɲim-dak-pa	jɔm-lak-pa	a-xɛ	ə-he-tɛn ~ a-he-tɛn	ə-he	he-tɔ ~ he-tɛn	bə-kʰe	bə-kʰe
leg 	lej	lɛj	laː	lɛˀ	lɛˀ	lɛˀ	laˀ 	la
lick	lak	lak	lɐk	lɐk	lak	lak	Ø	Ø
lie (n)	Ø	Ø	tɛˀ	s-teˀ	s-teˀ	s-teˀ	s-teˀ	s-teˀ
lift completely, carry	kʰaŋ	kʰaŋ	Ø	Ø	kʰaŋ	Ø	kʰaŋ	kʰaŋ
light 	jaŋ-ɕɔk ~ jaŋ-kan-ma	jaŋ-pu	a-ruŋ-du	a-ruŋ-du	a-ruŋ-du	a-ruŋ-du	a-ruŋ-du	a-ruŋ-du
lightning	nam-liŋ ~ nam-ki-liŋ waŋ	Ø	nə-ʦʰaː	nam-bla kʰɛː	nam tap	nam-ʨʰə-rɛː rɛt ~ ʨʰe	nə-myː ba tap	ni-mi ba tap
like, love	Ø	hɔn 	xøː	Ø	hĩː	hyː	høn	Ø
liquor	pʰak	pʰak	pʰɐk	pʰɐk	pʰak	pʰak	pʰak	pʰak
listen, heed	na ~ ha 	na ~ ha	nu 	nu 	nuŋ 	nuŋ	nu ~ nuŋ	Ø
live, stay	ʥu	ʥu	ʣɔː	ʥɔː	ʥɔː	ʥoː	ʥaw 	ʥaw
liver	ɕa-pɕin 	Ø	də-ʦʰɛ̃ː	sɛ̃ĩ 	s-sĩː ~ sə-sĩː ~ ʦʰ-sĩː ~ ʦʰə-sĩː	a-ʨʰĩː	a-ʦʰɛ̃ː ~ a-ʨʰĩː	a-ʦʰɛ̃ː
load (n)	jɔŋ	jɔŋ	juŋ	Ø	juŋ	juŋ	juŋ	Ø
locative	-kʰɔ	-kʰɔ	-kʰɔ	Ø	Ø	Ø	-gɔ	-kʰɔ
long	u-liŋ 	u-riŋ	a-rajŋ	a-rɛŋ	a-rɛŋ	a-rɛŋ	a-rɛŋ	a-rɛŋ
look	Ø	Ø	lɛn	lɛn	lan	lɛn	lan	Ø
louse	hɛk	hjɛk	xajk	hɛk ~ hɛʔ-mu	hɛk	hɛk	hɛk	hɛk
lungs 	Ø	Ø	sə-rĩː sə-ruk	sə-rɛ̃ĩ sə-ruk	sə-rĩː sə-ruk	su sə-ruk	sə-lyŋ sə-ruk	sə-luŋ sə-ruk
macaque 	Ø	ɕa-dɔŋ	ʐy-duŋ	z(ə)-duŋ	z(ə)-duŋ	z(ə)-duŋ	z(ə)-duŋ	z(ə)-duŋ
machete	hɔ-da	hɔt-da	han-duː	haŋ-guː ~ haŋ-gə-duː ~ haŋ-duː	han-duː	han-duː	han-duː	han-duː
maize	mɔː-ɕɔ	mɛj-ɕiŋ	ma-ʦɛ̃ː	mə-ʨĩː	mə-ʨĩː	pʰ-ʨĩː ~ bə-ʨĩː	Ø	Ø
make	ʨɔs	ʨʰɔt	ʨʰɛt	Ø	Ø	Ø	Ø	Ø
male	u-pʰa	u-pʰa	a-pʰuː	a-pʰuː	a-pʰuː	a-pʰuː	a-pʰuː	a-pʰuː
man	ʑɔː-pʰa	ʑɔː-pʰa	ʥə-fuː	ʥə-huː	ʥə-huː	ʥə-huː	ʥə-huː	ʥə-huː
manure	Ø	he-ba 	ha-wuː	Ø	luː 	la-wuː	hũ 	Ø
marrow 	Ø	Ø	ma-ny	a-nyː	a-nyː	a-nyː	a-ɲyː	Ø
marten 	taŋ-kɔŋ	taŋ-kɔŋ	tʰaŋ-kʰuŋ 	taŋ-kuŋ	taŋ-kuŋ	taŋ-kuŋ	taŋ-kuŋ	taŋ-kuŋ
meat, animal	ɕa	ɕa	a-xyː	suː	suː	suː	suː 	suː a-tɛ̃ː
medicine	pɛn 	man ~ mɛn 	mɛn	mɛn	man	mɛn ~ man	man	man
meet	ɕu	ɕu	ʂyː(j)	Ø	syː	Ø	syː 	Ø
melt	ʑu	ʑu	ʐyː	zyː	zyː	zyː	zyː 	ziː
middle / centre	ɔ-ʦɔŋ	ɔ-ʦɔŋ	a-ʦuŋ	Ø	Ø	Ø	a-ʦuŋ	Ø
Miji people	Ø	Ø	kʰu-nɔ̃ː 	kʰu-nɔ̃ː-ʥi 	Ø	kʰu-nũː(ŋ) 	kʰu-nũː 	kʰu-nɔ̃ː 
millet, broomcorn 	Ø	ɲiŋ-ʨʰak	nə-ʨʰɐk	Ø	Ø	nə-ʨʰak	nə-ʦʰak	nə-ʨʰak
millet, finger  	Ø	Ø	gə-ʦan	kʰ-ʨɛn	kʰ-ʨam	kʰ-ʨam	gə-ʦam ~ gə-ʨam	gə-ʨam
millet, foxtail 	Ø	ɲiŋ-kʰaˀ	nə-kʰu	Ø	nə-kʰu	Ø	nə-kʰu	nə-kʰu
mithun 	ɕa-ma	ɕa-ma	ʂa-m	sə-muː	su-m	su-m	sə-muː	sə-muː
Monpa 	mɔn-pa	mɔn-pa 	ʥə-mɐ̃ː	Ø	Ø	mɔn-pa	ʥə-mɔ̃ː	ʥɔ-mɔ̃ː
moon, month 	nam-ba	nam-ba  ~ nam-la 	nam-bluː	nam-bluː	nam-bluː	nam-bruː	nam-bluː	nam-bluː
morning	Ø	Ø	Ø	s(ə)-ruː s(ə)-ri	nə-ruː	nə-ruː	ɲə-ruː	ɲy-ruː
mortar (wood)	ʦʰum	ʦʰum 	ʦøn	ʨøn	ʨɔm	ʨøm	ʦɔm	ʨɔm
mother	a-ma	a-ma	a-muː	a-muː ~ a-mɐ	a-muː ~ a-maː	a-muː	a-mɔ	a-mo
mountain	la	la 	luː	luː	luː	luː	luː	luː
mountain peak	li-guŋ	ri ~ riw	Ø	Ø	ri-wuː	riː-wuː	riː ~ riw	Ø
mouse, rat	sam-tu	sam-tu	s-tʰøˀ	s-tʰøˀ	s-tɔp	s-tøˀ	s-tɔp	s-tɔp
mouth	hɔ-ʨɔ 	hɔ-ʨu ~ hu-ʨu	də-ʦʰɛː	sɔː	sə-sɔː ~ ʨʰə-sɔː	ʨʰə-ʨʰoː	nə-ʦʰaw ~ də-ʦʰaw	nə-ʨʰaw
much	me-ka	mjɛ-ka	a-mɛ	a-mɛ	a-mɛ	jə-mɔ	a-mat	a-mat
mud	kʰa-ʨʰam	kʰa-ʨʰam	ga-ʦʰyː	kʰ-ʨʰɔ̃ː(ŋ)	kʰ-ʨʰũː(ŋ)	kʰ-ʨʰũː(ŋ)	gə-ʨʰũː	kʰ-ʨʰɔ̃ː
mushroom	mu	mu	myː	myː	myː	myː 	myː 	miː
naga, serpent deity 	hu	hu	Ø	Ø	Ø	Ø	lyː	Ø
nail 	hut-ʨʰin	hut-ʦun ~ hut-ʦum 	ik-ʦiŋ	ik-ʨʰiŋ	ik-ʨiŋ	ik-ʨiŋ	ik-ʦiŋ ~ ik-ʦĩː(ŋ) ~ ik-ʨiŋ	ik-ʨiŋ
name	biŋ 	biŋ	a-ʣajŋ	a-ʥɛŋ	a-ʥɛŋ	a-ʥɛŋ	a-zɛŋ	a-zɛŋ 
Namshu people	nam-ɕu-pa	nam-ɕu-pa 	na-ʦʰɔː-ʥi	nə-ʨo-ʥi 	Ø	pʰ-ʨʰoː-ʥi	Ø	Ø
navel	bɔ-di	bɔ-di	b-raː	(sə-riː) b-rɛː	(pʰə-riŋ  ~ fɛ-riŋ) b-rɛː	(sə-riŋ) b-rɛː	(sə-riŋ) b-raː	bu-ti-mu
neck	hɛn-tʰɔŋ	hɛn-tʰɔŋ	nə-tu-xĩː 	Ø	nə-tʰuŋ	pʰ-tʰuŋ	tʰuŋ-ʦɛ̃ː 	Ø
need to, have to	ʦʰɛt	ʦʰɛt	ʦʰɛˀ	Ø	ʨʰeˀ	ʨʰeˀ	ʨʰeˀ	Ø
needle	pɕi	pɕi	pʰliː	pʰliː	pʰliː	pʰliː	pʰliː 	pʰliː
negative prefix	ba-	ba-	bə- ~ by-	bə- ~ by-	bə- ~ by-	bə- ~ by-	bɔ- ~ bi- ~ bə-	bɔ- ~ bi- ~ bə-
nest, hive, womb	kʰɔp 	kʰɔp ~ kʰɔk	kʰɔp ~ kʰɔk	kʰɔk	kʰɔk	kʰɔk	kʰɔk	kʰɔk
net for fishing	ʨʰɔp	ʨʰɔp	ʦʰuk	Ø	Ø	Ø	ʦʰuk ~ ʨʰuk	Ø
new	ɔ-han	ɔ-kʰɔn 	a-fɛn	ə-hɛn	a-fan	a-hɛn ~ ɛ-hɛn	a-fan ~ ɔ-fan	u-fan
night	nam-pʰɔŋ	nam-pʰɔŋ	na-pʰuŋ	Ø	nə-pʰuŋ	nə-pʰuŋ	nə-pʰuŋ ~ nə-pʰuː	nə-pʰuŋ
nine	tʰi-kʰu	tʰi-kʰu	dy-kʰyː(j)	tʰ-kʰyː	tʰə-kʰyː ~ tʰɛk-kʰyː	tʰɛk-kʰyː	də-kʰyː 	də-kʰyː
nomen agentis	-kʰɛn	-kʰɛn	-kʰɛn	-kʰɛn	-kʰan	-kʰɛn	-kʰan	-kʰan
nominaliser 	-ba ~ -pa	-ba ~ -pa	Ø	-ba	Ø	-ba	Ø	Ø
noon 	buɕ-tan	bis-tan ~ bus-tan	ha-tɐ̃ː	ha-tɐ̃ː	ha-tɔ̃ː	ha-tɔ̃ː	ha-tɔ̃ː	ha-tɔ̃ː
nose	hɛm-pʰɔŋ	hɛm-pʰɔŋ	nə-pʰuŋ	nə-pʰuŋ	nu-pʰuŋ ~ nə-pʰuŋ	ma-pʰuŋ	lə-pʰuŋ ~ nə-pʰuŋ	nə-pʰuŋ
oil	Ø	Ø	Ø	Ø	tʰoː	tʰoː	tʰoː 	tʰoː
okay 	aj ~ e	aj	Ø	ɐː	ɔː	ɔː	Ø	Ø
old 	ɔ-mɛn	ɔ-mɛn	a-mɛn	a-mɛn	a-man	a-mɛn ~ ɛ-mɛn	a-man	a-man
one	hin 	hin	hɛn	hɛn	han	hɛn	han	han
other 	bi	bi	ʥi	ʥi	ʥi	ʥi	ʥi 	ʥi
other 	Ø	Ø	a-ga	a-ʥiː ~ a-ga	a-byː ~ a-biː	a-byː	ə-bɛː	Ø
otter	Ø	Ø	nə-mɐk	ny-mɐk ~ nə-mak	ny-mak	ny-mak ~ ni-mak	ɲə-mak ~ ɲy-mak	ɲu-mak
outside	Ø	Ø	a-fũː-rɔ 	a-hɔ̃ː(ŋ)	a-hũː(ŋ)	u-hũː(ŋ)	a-hũː(ŋ)-gɔ	ɔ-hɔ̃ː
palm, sole1	pʰa-la 	pʰa-ɹa 	Ø	Ø	ik-paɹ	ik-paɹ	la ʦa-paɹ	ik-paɹ
palm, sole2	Ø	Ø	ik-tʰɔ̃ː	ik-tʰɔ̃ː(ŋ)	Ø	Ø	ik-tʰũː(ŋ)	Ø
pangolin 	Ø	Ø	ry-wøː	Ø	sy-wɛːʰ	su-wɛːʰ	Ø	Ø
partridge 	Ø	kam-kɔw 	Ø	hu-kʰøː	f-kʰøː	mɔ-kʰøː	Ø	kʰɔj-kʰɔj-ma
path, road	hu-ma	hu-ma	ham	ha-mu ~ lə-mu	lym	lum ~ lym	nə-mu ~ lə-mu	lə-mu
patient marker	-ɲi	-ɲi	-ɲiː	Ø	-niː	-niː	-jiː ~ -iː 	Ø
peas	(ʥam) pʰo-bin	(ʥam) pʰop-liŋ	(pʰuk) pʰɔŋ-ba	(pʰuk) pʰɔŋ-ba	(pʰuk) pʰɔm-bɛ	(pʰuk) pʰam-bɛ	(pʰuk) pʰam-pʰla	(suk) pʰam-pʰla
penis	lak	lak	lɐk	lɐk	lak	lak	lak	lak
pheasant, kalij 	Ø	Ø	fə-tʂʰajk	hu-ʨʰɛk	f-ʨʰɛk	pʰə-ʨʰɛk	bə-kʰɛk	bə-kʰɛk
pheasant, tragopan 	Ø	bap	Ø	hu-ba	hu-bɔ	Ø	hu-bɔ	bap
pig	ɕa-bak	ɕa-bak	ʂu-wɐk	s-wɐk ~ sə-wɐk	su-wak	su-wak	su-wak	su-wak
pillow	kʰum-u	kʰu-kʰum	ʂaŋ-kʰɔn ~ ʂaŋ-kʰøn	sa-kʰøn	saŋ-kʰɔm	saŋ-kʰɔm ~ saŋ-kʰøm	s-kɔm	s-kɔm
pinch	ʦik	ʦik	ʦik	Ø	ʨik	ʨik	ʦik	Ø
pine kindle	bi-ʦi	bɛj-ʦi	ba-ʦi	ba-ʨi	ba-ʨi	ba-ʨi	baː bə-ʦi 	bap-ʨi
plait 	pʰa	pʰa 	pʰla (kam-ziŋ)	pʰɛˀ	pʰuː	Ø	pʰuː ~ pʰlaː	Ø
plant  (vt)	haj	haj	hɐː	Ø	lɔː	lɔː	lɔ	Ø
play	lej	lɛj	lɐː	mɛŋ ~ jɛŋ	jɛŋ	jɛŋ	loː	loː
plough (v)	wuj	wɔj	wɐː	Ø	wɔː	wɔː	woː	Ø
plural 	-tʰe	-tʰeˀ	-tʰik	-tʰik	-tʰɛk	-tʰɛk 	-tʰiː 	Ø
poison 	duk	duk ~ dup	dyk	dyk	dyk	dyk	dyk	duk
porcupine 	ɕa-bi	ɕa-bɛj	ʂu-bɐʰ	su-bɐʰ	zu-bɔʰ	sə-bɔʰ ~ su-bɔʰ	sə-bɔ	sə-bɔ
potato-bean 	Ø	mɛn	Ø	Ø	man	Ø	man	Ø
pour 	huk	huk	Ø	Ø	Ø	Ø	lyk	luk 
present 	-de	-deˀ	-di	Ø	Ø	Ø	Ø	Ø
prohibitive prefix	tʰa-	tʰa-	Ø	tʰə-	tʰə-	tʰə-	də-	də-
pull1	kʰɛŋ	kʰjɛŋ	Ø	Ø	Ø	ʨʰɛŋ	kʰɛŋ	kʰɛŋ
pull2	Ø	Ø	giː	giː	giː	giː	Ø	Ø
pulse	ɕak-pu	ɕak-pu	ɕɐk-pyː	sɐk-pyː	sak-pyː	sak-pyː	sak-pyː	sak-piː
pumpkin	buŋ-ɕa	brum-ɕa	ma-pʰluŋ	ma-pʰluŋ	ma-pʰluŋ	ma-pʰluŋ	buŋ-glɔ̃ ~ buŋ-blɔ̃	brum-sɔː
Puroik	bi-ɕ-taŋ	bi-s-taŋ 	ɕ-taŋ	Ø	Ø	Ø	s-taŋ 	Ø
pus	haj	haj	a-nɐ̃ʰ	a-nɐ̃ʰ	a-nɔ̃ʰ	a-nɔ̃ʰ	a-nɔ ~ ɔ-nɔ	a-nɔ
push	du	du	ryː(j)	ryː	ryː	ryː	ryː	ryː
put	Ø	ʨɔj	ʦʰɐʰ	ʨʰɐʰ	ʨʰɔʰ	ʨʰɔʰ	ʨʰɔʰ	ʨʰɔʰ
quarrel (v)	aj ɕɔŋ	aj ɕɔŋ	ja iː	jɛˀ iː ~ aˀ iː	jɛˀ iː	jɛˀ iː	ja di 	Ø
question 	ja	ja	Ø	Ø	ja ~ a	ja ~ a	ja ~ a	Ø
quiver	li-ʑi-bi	ʑip-li	ʐi	zi	zi	zi	zə-zyː ~ zi	zi-li
radish	mu-la	mu-la	ma-luː	mə-luː	mə-luː	mə-luː	mə-luː	mu-luː
Rahung, people of	la-pʰuŋ-bi	Ø	rə-pʰiŋ-ʥi	rə-pʰiŋ-ʥi 	Ø	Ø	rə-pʰyŋ-ʥi	ru-pʰuŋ-ʥi 
rain (n)	Ø	nam-ʦʰa 	na-ʦʰuː	nə-ʨʰuː	nə-ʨʰuː	pʰ-ʨʰuː	nə-ʦʰoː ~ nə-ʦʰuː	Ø
rainbow	Ø	Ø	paː-hu 	pʰaŋ-lu	pʰaŋ-lu	pʰaŋ-ruŋ	pʰaŋ-kʰ- lũ(ŋ) ~ pʰaŋ-kʰə-lu	pʰaŋ-kʰə-lu
reap 	Ø	ram	Ø	Ø	rũː(ŋ)	rũː(ŋ)	rũː(ŋ)	Ø
recognise	is	is	ɛ̃ˀ	Ø	ĩˀ	ĩˀ	ɛ̃ˀ 	Ø
red	ɔ--hɛk	ɔ-hjɛk ~ ɔ-kʰjɛk	a-xajk	ə-hɛk ~ a-hɛk	ə-hɛk ~ a-hɛk	ə-hɛk	ə-hɛk	ə-hɛk
reflexive marker	-bi	-bi	-ʥi	-ʥi	-ʥi	-ʥi	-ʥi 	-ʥi
rest (n)	ɕɔk	ɕɔk 	a-ʨyk	Ø	a-ʨʰɔ̃ː	ʨʰɔ̃ː	do-ʨʰɔk	Ø
rib	ɕi-ki-liŋ 	Ø	Ø	hə-rɛ̃ĩː	hə-rĩː	hə-rĩː	ha-rɛ̃ː ~ hə-rɛ̃ː	hə-rɛŋ 
rice, husked	Ø	Ø	ʦʰuː 	ʨʰuː	ʨʰuː	ʨʰuː	Ø	Ø
rice, unhusked, paddy 	ni-ɕi	ni-ɕi 	Ø	a-seː	nə-seː	Ø	nə-seː	ni-seː
ride, mount 	il	iɹ	Ø	Ø	Ø	Ø	ɛ̃ː(n) 	Ø
right 	u-ɕu	u-ɕu 	a-ʦɐ̃ː	a-ʨɐ̃ː	a-ʨɔ̃ː	ʨɔ̃ː	a-ʦɔ̃ː 	a-ʨɔ̃ː
ripe	jɔm-ba	jɔm-ba	a-juŋ	juŋ-ba 	a-juŋ	juŋ-ba	juŋ-ba	a-juŋ
roof	wam-ʨʰa 	wam-ʨʰa	jam ʦʰɔ̃ː(ŋ)	Ø	nam bə-ʨʰũː	jam-ʨʰũː(ŋ)	jam-ʦʰɔŋ  	Ø
root	Ø	Ø	a-xĩː	i-hĩː	a-hĩː	ə-hĩː	ə-hĩː 	Ø
rope	tʰak	tʰak	ɕ-tʰɐk	s-tʰɐk	tʰak	tʰak	tʰak	tʰak
rot (vi)	ham	ham	xũː	hɔ̃ː(ŋ)	hũː(ŋ)	hũːŋ	hũː	hɔ̃ː
round, small object 	bu 	bɹu 	lak a-byː	Ø	bɹɔː 	suk a-byː	lak a-bɹyː 	lak a-bɹyː 
rub 	Ø	Ø	nyŋ	nyŋ	Ø	nyŋ	nyŋ	Ø
rub; sharpen	ʑin	ʑin	ʐyː	Ø	zyː	zyː(j)	zyː	Ø
run	Ø	Ø	ʦɔː 	Ø	Ø	ʨɛː	caː ~ ʨaː 	ʨaː
sago	nut 	nuk	nyk	nyk	nyk	nyk	nyk	nuk
saliva	kʰa-ʨʰu	kʰa-ʨʰuɹ 	da-ʦʰĩː	Ø	ta-zyː	ta-ʨʰyː	Ø	Ø
salt	ha	ha	hũː	huŋ	huŋ	hũː(ŋ)	hũː(ŋ)	huŋ
same, equal	ta-ba	taˀ-da-taˀ-da	a-tu	Ø	a-tu	Ø	a-tu  ~ a-tu-tu	Ø
sand	Ø	Ø	gɔ-pʰɐʰ	kʰ-pʰɐʰ ~ kʰ-fɐʰ	kʰə-pʰɔʰ	kʰə-bɔʰ	Ø	Ø
say	in	in	ɛn	ɛn	an	an ~ ɛn	an	an
scratch1	dɔk	dɔk	dɔk	Ø	Ø	Ø	dɔk	dɔk
scratch2	Ø	Ø	Ø	høː	hĩː	hyː	hɔːŋ	Ø
search	su	su	sɔː	Ø	sɔː	soː	saw 	Ø
see	aj	aj	Ø	Ø	Ø	ɔː	oː	oː
seed	li	li	a-liː	a-liː	a-riː	a-liː	a-liː 	a-liː 
serow 	ɕa-li	ɕa-ri	ʂə-raː	sə-rɛː	sə-rɛː	sə-rɛː	sə-raː	sə-raː
settle 	ʨʰak	ʨʰak	ʐɔ	tɹɔk	ʨʰak	ʨʰak	ʦʰak ~ ʨʰak	ʨʰak
seven	ɕis	ɕis	ʂik	sik	sik	sik	ɕit	ɕit
sew	ɕiŋ	ɕiŋ	Ø	ʨʰɛ̃ː	ʨʰĩː(ŋ)	ʨʰĩː(ŋ)	Ø	Ø
shade	ʨʰap	Ø	Ø	Ø	ʨʰap	Ø	ʨʰap	Ø
shake1 	kʰa	kʰa	Ø	Ø	kʰuː	kʰuː	kʰuː	Ø
shake2	tʰup kʰin 	kʰin 	maŋ-kʰi kʰi 	Ø	nam kɹi	Ø	nə-myː kʰi 	Ø
sharp1 	u-ɕu ~ u-ɕaŋ	u-ʨʰu	a-ʦʰɔ̃ː	a-ʨʰɔː	a-ʨʰɔ̃ː	a-ʨʰɔː ~ a-ʨʰoː	a-ʦʰaw ~ a-ʨʰaw	a-ʨʰaw
sharp2	u-ɕu ~ u-ɕaŋ	u-ʨʰu	a-ʦʰɔ̃ː	a-ʨʰɔː	a-ʨʰɔ̃ː	a-ʨʰɔː ~ a-ʨʰoː	a-ʨʰũː	a-ʨʰaw
sheep	ɕi-ki	ɕa-kɛj 	ʂ-kʰaː	s-kʰɛː	hɛ̃ː 	s-kʰɛˀ ~ s-kɛˀ 	s-kaː 	s-kaː
shelf 	Ø	pʰaŋ-kaŋ	Ø	Ø	pʰaŋ	Ø	pʰaŋ	Ø
Sherdukpen 	Ø	Ø	tʰɔː-mø-ʥi 	tʰɔ̃ŋ-ʥi  ~ tʰuwã-ʥi	Ø	tʰə-mø-ʥi 	møˀ	meˀ
Shergaon, people of	ɕɛl-pi	Ø	ʂɛ̃ː(n)-ʥi	sɛ̃ː(n)-ʥi	Ø	sɛ̃ː(n)-ʥi	sɛ̃ː(n)-ʥi	Ø
shoe, footwear	le-ham	le-ham	Ø	Ø	Ø	Ø	lə-lũː(ŋ)	Ø
shoot  	dik 	djɛk	ruk	rɛk	rɛk	rɛk	rɛk	rɛk
short 	Ø	Ø	a-tʰuŋ-du	a-tʰuŋ-du	Ø	a-tʰuŋ-du	a-tʰuŋ-du	a-tʰuŋ-du
shoulder 	pʰak-tuŋ	pʰak-tuŋ	Ø	pʰa-nyŋ	jə-pʰak	 ja-pʰak	lə-pʰak ~ lə-fak	lə-pʰak
shy, ashamed (vi)	jɛn	jɛn	wɛn	wɛn	wan	wɛn	wan	wan
sick (vi)	na	na	ku-nu	nu ~ ku-nu	ku-nu  ~ nuŋ	nuŋ	nu ~ nuŋ	nu
silver	ŋɔj ~ ŋuj	ŋɔj	niŋ	niŋ	niŋ	niŋ	ɲin ~ ɲiŋ	ɲin
sing	tej	tɛj	taː	tɛː	tɛː	Ø	taː	Ø
sister-in-law	a-ʑa	a-ʑa	a-ʐuː	a-zuː	a-zuː	a-zuː	a-zuː ~ a-zuː-mat	a-zuː-mat
sister, elder	a-wu	a-wu	a-byː	a-byː	Ø	Ø	Ø	Ø
sister, younger1 	ɔ-nɔw-ma 	a-nu  ~ ɔ-nɔw	Ø	Ø	a-num	a-num 	a-nuː a-ʨan-du 	Ø
sister, younger2 	Ø	Ø	Ø	mə-riŋ	mə-riŋ	mə-riŋ	mə-riŋ 	mə-riŋ
sit	Ø	duŋ-ʥu	dyŋ	dyŋ	dyŋ	dyŋ	dyŋ	duŋ
six	ʨʰup	ʨʰup ~ ʨʰuk	ʨʰyk	ʨʰyk	ʨʰyk	ʨʰyk	kʰyt	ʨʰuk
skin, bark	ɕa-kʰɔk	ɕa-kʰɔk	ʂ-kʰuk	s-kuk ~ s-kʰuk	sə-kuk ~ s-kuk	s-kuk ~ s-kʰuk	s-kuk	s-kuk
sky 	na-mu ~ na-mɔː 	na-mu 	na-myː	nə-myː	nə-myː	nə-myː	nə-myː 	ni-miː 
sleep	bin	bin 	ʣiŋ	ʥiŋ	ʥiŋ	ʥiŋ	ʣiŋ	ʣiŋ
slowly	haɕ-ta	has-ta	nɐ̃-du	a-nɐ̃-du	a-nɔ̃-du	nɔ̃-du	(a-) nɔ̃-du 	a-nɔ̃-du
small1 	ʥɛn- 	ʥɛn-	a-ʣɐ̃ː-du	a-ʨɐ̃ː(n)	a-ʥan-du	ʨɔ̃ː(n)-du	a-ʨan-du ~ a-ʦan-du	a-ʨan-du
small2 	ɕa-da	Ø	Ø	a-duː-du	Ø	a-duː	Ø	Ø
smell (n)	ɕis	ɕis	Ø	Ø	Ø	Ø	sĩː	Ø
smell1 (vi)	ham	ham	nan	nan	Ø	Ø	Ø	Ø
smell2 (vi)	Ø	Ø	Ø	niː	niː	niː 	ɲiŋ	ɲiŋ
smoke	bu-kʰu	bu-kʰu	ba-kʰyː	ba-kʰyː	ba-kʰyː	ba-kʰyː	ba-kʰyː 	ba-kʰyː
snake	Ø	Ø	bə-ʨʰan	pʰ-ʨʰɛn	pʰ-ʨʰam	pʰ-ʨʰam	bə-cʰam ~ bə-ʨʰam	pʰ-ʨʰam
snatch away	Ø	kʰɔw	Ø	Ø	Ø	Ø	kʰaw 	Ø
snow	nam-ʑu	nam-ʑu	na-jyː	nə-jyː	nə-jyː	nə-jyː	ny-jyː 	ni-jiː
soda ash	Ø	kʰa-ri	kʰa-riː	Ø	Ø	kʰ-riː	kʰ-riː	Ø
soft / smooth	Ø	Ø	a-duŋ-du	a-duŋ-du	a-duŋ-du	a-duŋ-du	a-duŋ-du	a-duŋ-du
soil, earth 	sa	sa	sɐ	sɐ	sɔ	sɔ	sɔ	so
son	dak-da	u-daˀ	a-du	a-du	a-du	a-du	du	a-du
son-in-law	a-ʨʰun	a-ʨʰyn	a-ʦʰyː	a-ʨʰyː	a-ʨʰyː	a-ʨʰyː	a-ʦʰyː ~ a-ʨʰyː 	a-ʨʰiː
song1 	lu	lu 	Ø	Ø	hũ	hũ	hũ	hɔ
song2 	bɔː	bɹɔː	Ø	Ø	Ø	bɹoː	bɹoː	Ø
soup, liquid, broth, juice	ɔ-kʰaw	ɔ-kʰɔw	daŋ a-kʰɔː	Ø	a-kʰoː	Ø	a-kʰoː ~ ɔ-kʰoː 	Ø
sour	ʨum-pa	ʨum-pa ~ ʨuɹ-pu	ba-ʨʰɛ̃ː	ʨʰɛ̃ĩ-ba ~ ʨʰɛ̃ĩ-kʰɛn	ʨʰĩː-kʰan ~ ʨʰĩː-tĩː	ʨʰĩː-ba ~ ʨʰĩː-kʰɛn	kʰɛ̃ː-baˀ ~ kʰɛ̃ː-ti	a-kʰɛ̃ː
sow, broadcast1	pʰus 	pʰus	pʰik	Ø	pʰik	Ø	pʰik 	Ø
sow, broadcast2	Ø	mɛɹ	xɛˀ	Ø	heˀ	heˀ	heˀ 	Ø
soybean 	ɕa-ʥɔk	ɕa-ʥɔk	ʂy-juk	sy-juk ~ ɕ-uk	s-uk	s-uk	sy-juk	s-uk
sparrow	dak-ʨʰi-liŋ	dak-ʨʰi-liŋ	Ø	hu-ʥiŋ	ʨɔm-ʨə-rɛː	ʨam-ʨə-rɛː	bə-ʦə-lɔː	ʨi-plɔː
speak	Ø	haw	gɐ̃ː	gɐ̃ː	Ø	steː gɔ̃ː	steː gɔ̃ː 	gɔ̃ː
spear	Ø	kʰɛj-ʥɔŋ	Ø	ʥɔŋ	ʥɔŋ	ʥɔŋ	ʥɔŋ	ʥɔŋ
spicy, pungent	jej-ba	jɛj-ba	jɐ-di	hɐ	hɔ	hɔ-ba	Ø	Ø
spider	(pʰu) saŋ-gɔm-pa ~ saŋ-kɔː-pa	(pʰu) saŋ-gom-bu ~ (pʰu) aŋ-zɔm	ga-pøː	na-tɹøŋ-zaŋ	tan-tɹĩ-sũŋ	na(ŋ)-tɹyː(ŋ) sɔŋ-sɔŋ	pɹeː-suŋ	tɹeː-sum
spirit, soul, shadow 	ɔ-guŋ	u-guŋ	a-wuŋ	a-wuŋ	a-wuŋ	uŋ 	u-juŋ	u-juŋ
spit	hin-tus tɔs	hin-tus tɔs	tʂʰøˀ	ʨʰøˀ	ʨʰeˀ	ʨʰøˀ	kʰøˀ 	kʰeˀ
spittle, spit	hin-tus	hin-tus	taː	tɛː	tɛː	tɛː	taː 	taː
split1 	ʨʰe	ʨʰe	Ø	ʨɛk	Ø	ʨʰeˀ 	ʨʰeˀ ~ ʨʰaˀ	-
split2 	Ø	Ø	jɔ	jɔ	jɔ	Ø	Ø	ho
squirrel 	Ø	ʦɔː-ʦɔː gɹɔŋ-tʰaŋ	ʦaŋ-kʰa	ʨaŋ-ka	ʨaŋ-kɛ	Ø	stɔp ʦaŋ-kʰa ~ stɔp ʨaŋ-kʰa	stɔp ʨaŋ-ka 
squirrel, flying	Ø	ʨʰɛɹ-gɛn	ʨʰy-jɔ̃ː	ʨʰy-jɔ̃ː	ʨʰy-jɔ̃ː	ʨʰə-ʨʰow ~ ʨʰə-ʨʰoː	kʰjaw	kʰlɛː
stab	ʥɔk	ʥɔk	dʐuk	ʥuk	Ø	Ø	ʥuk	ʥuk
stand (up)	kʰiŋ	kʰiŋ	tʂʰĩː	ʨʰĩː	ʨʰĩː	ʨʰĩː	kʰĩː 	kʰĩː
star	Ø	Ø	dy-ʐyk	də-zyk	ʨʰyŋ-zyk	ʨʰyŋ-zyk	zyk	ʨʰuŋ-zuk
steal 	wu	wu	jɔː	jɔː	jɔː	joː	jaw 	jaw
steam	Ø	haŋ-pa ~ ɬaŋ-pa	kɔ-hɔ̃ː	Ø	a-lũːŋ	laŋ-poː 	Ø	Ø
stich	Ø	Ø	ʦɐk	Ø	Ø	Ø	ʦak ~ ʨak	ʨak
stick	kʰaj	kʰɛj	kʰɐ	kʰɐ	kʰɔ	kʰɔ	kʰɔ 	Ø
stone	luŋ	luŋ	lyŋ	lyŋ	ryŋ	ryŋ	lyŋ	luŋ
story	tam	tam	kʰaɹ-tan	Ø	tuŋ-lu 	kʰaɹ-tam	Ø	Ø
straight	laŋ-ɕum	raŋ-bu	a-rɔ̃ː(ŋ)	a-rɔ̃ː(ŋ)	a-rũːŋ	a-rũːŋ	a-rũː	a-rɔ̃ː
stump (tree)	dum-ba	tʰum-ba	Ø	Ø	Ø	hiŋ tɔ-rɔm 	hiŋ tʰrɔm	Ø
suck1	Ø	Ø	tʂʰajŋ	ʨʰɛŋ	Ø	ʨʰɛŋ	kʰɛŋ	Ø
suck2	ʑɔp	ʑɔp	Ø	zyː	zyː	zyː	Ø	ziː
sugarcane	(ʨʰula) mej-ʥu	mɛj-ʥu	ma-ʦʰiː	mə-ʨʰiː-sɔː	mə-ʦʰiː/-ʨʰiː	pʰ-ʨʰiː	mə-ʦʰyː ~ mə-ʨʰiː ~ bə-ʨʰiː	mi-ʨʰiː
sun, day 	na-mi ~ na-me	na-mi	na-nyː	nə-nyː	nə-myː ~ nə-miː	nə-myː ~ nə-miː	nə-nyː	nə-niː
swallow	ʥu 	ʥu	dʐyː	gyː	gyː	gyː	gyː 	giː
sweet	Ø	Ø	a-ʦĩː	Ø	ʨĩː	ʨĩː	a-ʦĩː ~ a-ʨĩː 	a-ʨĩː
swell	pɕiŋ ~ ɕiŋ	pɕiŋ	pʰiŋ	pʰiŋ	pʰiŋ	pʰiŋ	pʰiŋ	pʰiŋ
tail 	ɲuj	ɲɔj	a-naː	a-nɛːʰ	a-nɛːʰ	a-nɛːʰ	a-ɲaː 	a-ɲaː
take 	tʰɔn 	tʰɔn	tʰøː	tʰøː	tʰĩː	tʰɛn-niː	tʰøː 	tʰeː
takin 	Ø	Ø	Ø	sə-ʨʰøn ~ sə-ɕøn	Ø	ʨʰə-ʨʰøm	Ø	Ø
taro 	ʨʰak	ʨʰak	ʦʰɐk	ʨʰɐk	ʨʰak	ʨʰak	ʥuː-ʦʰak ~ ʥuː-ʨʰak	ʥuː-ʨʰak
tasty	ɔ-bej-da 	ɔ-bɛj	a-blɐːʰ	a-blɐːʰ	a-blɔːʰ-du	a-bɹɔːʰ	a-blɔːʰ	a-blɔː
tear (vt)	ʑɛt	ʑɛt	zɛˀ 	Ø	zeˀ	zeˀ	zeˀ	Ø
tell	ɕat	Ø	ʂɐˀ	Ø	sɔˀ	sɔˀ	sɔˀ	sɔ
ten	san	san	sɐ̃ː	sɐ̃ː	sɔ̃ː	sɔ̃ː	sɔ̃ː 	sɔ̃ː
that	Ø	Ø	tʰiː	tʰiː	tʰyː	s-tʰyː ~ tʰyː-wɛː	tʰyː 	tʰuː
that side	ɔ-tʰja ~ tʰej ~ tʰaj	tʰe- ~ ɔw-tʰja ~ tʰɛj-	kʰaː	tʰiː-tʰɛː-lɔ	ɔ-tʰɛː-lɔ	tʰɛː ~ kʰlaŋ ~ kʰaː	kʰɔː ~ kʰlaː	kʰaː
that side	ɔ-tʰja ~ tʰej-  ~ tʰaj-	ɔw-tʰja ~ tʰɛj- ~ tʰe- 	kʰaː	tʰiː-tʰɛː-lɔ	ɔ-tʰɛː-lɔ	tʰɛː ~ kʰlaŋ ~ kʰaː	kʰɔː ~ kʰlaː	kʰaː
Thembang people	tʰje-maŋ-bi	tʰɛm-baŋ-pa	tʰɛm-baŋ-ʥi	tʰəbang-ʥi 	Ø	tʰam-baŋ-ʥi	Ø	Ø
thick	Ø	ɔ-tʰɛs 	a-tʰɛʔ	a-tʰɛʔ	a-tʰɛʔ	a-tʰɛʔ	a-tʰat	a-tʰɛt
thief	bu-ju	bi-ju	ʥy-jɔː	Ø	ʥy-wjɔː	Ø	ʥi-jaw 	Ø
thigh	le-pʰa	le-pʰa	Ø	la-pʰluː	la-pʰluː	la-pʰuː	lə-pʰuː	lə-pʰuː
thin	Ø	ʨʰap-bu	a-ʨʰa-du	a-ʨʰɛˀ-du	a-ʨʰap-du	a-ʨʰap-du	a-ʦʰap ~ a-ʨʰap ~ a-ʦʰap-du	a-ʨʰap-du
thing	ma	ma	Ø	Ø	mə-ʨʰiŋ	pʰ-ʨʰiŋ	mə-ʨʰiŋ ~ pʰ-ʨʰiŋ	Ø
think	Ø	Ø	tʰiŋ	tʰiŋ	tʰiŋ	tʰiŋ	tʰin	tʰin
thirsty (vi)	(kʰaw) jaŋ	(kʰow) jaŋ	(kʰɔː) jɔ̃ː	(kʰɔː) kʰ-jɔ̃ː	(kʰɔː) jũŋ	(kʰoː) jũŋ	(kʰoː) jũŋ	(kʰoː) jɔ̃ː
this	Ø	Ø	tʰaː-ʥi	tʰaː-ʥi	ɔ-tʰɛː	tʰə-ɛː	tʰwaː ~ tʰu-waː ~ tʰaː ~ ɔ-tʰ-gɔː ~ tʰū-gɔː ~ tʰə-gɔː	tʰaː-ji
thorn	pʰe-zɔ ~ pʰe-ʥɔ	pʰi-ʥɔˀ	ba-zɔ	bə-zɔ	bə-zɔː	bə-zoː	bə-zaw 	bə-zaw
thousand	tɔŋ-ta	tɔŋ-ta ~ tɔŋ-ʈa	tɔŋ-tʂʰaː	tɔŋ-ta	tɔŋ-tʰɔ	tɔŋ-tʰɔ	Ø	Ø
thread	hwaŋ	hwaŋ	xaŋ	haŋ	haŋ	haŋ	haŋ	haŋ
three	ɔm	ɔm	ũː	uŋ	uŋ	uŋ	uŋ	uŋ
throw	tɔs	tɔs 	tʰøˀ	tʰøˀ	tʰeˀ	Ø	tʰøˀ 	Ø
thunder (vi) 	Ø	Ø	Ø	Ø	nəmyː hyk	Ø	nə-myː hyp ~ nə-myː hyk (C.)	nimiː huk
tie (vt)	kʰak	kʰak	xɐk	hɐk	hak	kʰak	hak	hak
tiger	pʰu-ɲam	pʰu-ɲam	pʰũː	pʰɔ̃ː	pʰũː	pʰũː	pʰũː	pʰɔ̃ː
till (hoe)	Ø	Ø	ʨʰɔk	ʨʰɔk	ʨʰɔk	ʨʰɔk	ʨʰɔk	ʨʰɔk
tired (vi)	Ø	ʥɛj	ʣeː ~ ʣɛː	ʥeː 	ʥeː	Ø	ʣeː 	Ø
today	tʰa-la	tʰa-la	tʰa-luː	tʰ-luː	tʰ-ruː	tʰ-ruː	tʰə-luː	tʰə-luː
together with	de-kʰɔ	dɛp-kʰɔ	Ø	dɛː-gu	dɛp-gyː	dɛp-kʰɔ ~ dɛˀ-kʰɔ	dɛp-gɔ ~ dɛk-gɔ	dɛp-kʰɔ
tomorrow	nam-saŋ	nam-saŋ 	bə-saŋ	mə-saŋ	my-saŋ	p-saŋ	mə-saŋ ~ bə-saŋ-la	mə-saŋ
tongue	luj	lɔj	laː	lɛː	lɛː	lɛː	laː-pʰɔ̃ ~ laː-fɔ̃ː 	laː
tooth	ɕin-tuŋ	hin-tuŋ	ny-tʰyŋ	nə-tʰyŋ	nə-tʰyŋ	pʰ-tʰyŋ	Ø	nə-tʰuŋ
trivet	pɛɹ-ʨʰu-du ~ pɛl-ʨʰu-lu	pɛɹ-ʑam-ɕup ~ pɛɹ-ʑam-ʑu	dy-ʐyː	də-zyː	ʨĩ(ŋ)-zyː	ʨĩ(ŋ)-zyː	zə-zyː 	ʨi-zi
trunk (tree)	Ø	Ø	hiŋ la-tʰyŋ	hiŋ lə-tʰyŋ	hiŋ lə-tʰyŋ	hiŋ la-tʰyŋ	hiŋ-tʰyŋ	Ø
tuber 	ʥa	ʥa	ʥuː	ʥuː	ʥuː	ʥuː	ʥuː ~ ɟuː	ʥuː
tusk	Ø	Ø	neˀ	Ø	niˀ	niˀ	ɲeˀ	Ø
twenty	kʰej ~ kʰaj	kʰɛj	kʰɐ̃ː	kʰɐ̃ː	kʰaː	kʰɔ̃ː	kʰaːj	kʰaː
twist	Ø	kʰik 	tʂʰiˀ	Ø	ʨʰiˀ 	ʨʰeˀ 	kʰeˀ 	Ø
two	ɲis	ɲis	nik	nik	nik	nik	ɲik	ɲit
under, below	kʰa	kʰa	kʰuː	kʰuː	kʰuː	kʰuː	kʰuː	kʰuː
up there1 	lja ~ ljɛ ~ lɛj	lja ~ lje ~ ljɛ ~ lɛj	laŋ	laŋ	laŋ	Ø	laŋ	laŋ
up there2 	Ø	Ø	Ø	tʰaŋ	tʰaŋ	tʰaŋ	tʰaŋ	tʰaŋ
up; ascend	kʰuŋ	kʰuŋ	kʰyŋ	kʰyŋ	kʰyŋ	kʰyŋ	kʰyŋ	kʰuŋ
uproot	pʰɔk	pʰɔk	Ø	Ø	pʰiŋ	Ø	pʰiŋ ~ pʰyŋ	Ø
urine	ʑi 	ʑi	ziː 	ziː	ziː	ziː	ziː 	ziː
vagina	tʰu	tʰu	Ø	Ø	Ø	Ø	tʰaw	tʰaw
vegetable, leafy 	daŋ	daŋ	daŋ	daŋ	daŋ ~ də-hɔ̃	də-hɔ̃	dɔŋ-hɔ̃ ~ də́-hɔ̃ ~ dɔ-hɔ̃	da-hɔ̃
veranda	jaŋ-ʨʰɔŋ	jaŋ-ʨʰɔŋ 	da-ʣɔ̃ː	da-ʥɔ̃ːŋ	ʥũːŋ	la-pʰɔŋ	ʥũː(ŋ)-baw	ʥɔ̃ː-kʰiŋ
village 	tʰup 	tʰup ~ tʰuk	tʰyk	tʰyk	tʰyk	tʰyk	tʰyk	tʰuk
vomit	Ø	Ø	jɔk	jɔk	jɔk	jɔk	jɔk	jɔk
waist	buk-tʰuŋ	buk-tuŋ 	bə-kʰɐk-tʰyn 	mə-kʰɐk-tyŋ	Ø	Ø	mə-kʰak-tyŋ	mə-kʰak-tuŋ
wait1	Ø	ʥak ~ ʥap	Ø	ʥɐk	ʥak	ʥak	ʥak	ʥak
wait2	laŋ	naŋ	laŋ	Ø	laŋ	Ø	laŋ	Ø
wake up	jɔw	jɔw	jɔ	jɔ	jɔ	jo	jaw 	jaw
walk, move, go	wa	wa	rɐˀ	rɐˀ	rɔˀ	rɔˀ	rɔˀ 	rɔ
walking stick	Ø	kʰɛj-duŋ ~ kʰɛj-ʥɔŋ	Ø	Ø	gə-ʥyŋ	gə-ʥyŋ	gə-ʥyŋ ~ zə-gyŋ	gə-ʥuŋ
walnut	maŋ-kʰa	maŋ-kʰa	ma-kʰuː	mə-kʰuː 	mə-kʰuː 	mə-kʰuː 	mə-kʰuː	mə-kʰuː
warm, hot (adj.)	u-ʨʰik	u-ʨʰik	ʦʰik-dy ~ a-ʦʰik 	a-ʨʰik	a-ʨʰik	a-ʨʰik	a-ʨʰik	a-ʨʰik
warm, hot (vi)	ʨʰik	ʨʰik	Ø	Ø	ʨʰik	ʨʰik	ʨʰik ~ ʦʰik	Ø
wash1	ʨʰɔl	ʨʰɔɹ	ʦʰøː	ʨʰøː(n)	Ø	Ø	ʨʰeː ~ ʨʰøː ~ ʦʰøː(n)	ʨʰeː
wash2	ʨʰi	ʨʰi 	Ø	Ø	ʨʰĩː(ŋ) 	ʨʰyː 	Ø	Ø
water	kʰaw	kʰɔw	kʰɔː	kʰɔː	kʰoː	kʰoː	kʰoː 	kʰoː
wealthy	ʨʰuk-pu	ɕik-pu 	Ø	Ø	ʨʰyk-pu	ʨʰyk-pu	ʨʰik-pu 	Ø
wear 	was	was	jɐ̃	jɐ̃	Ø	Ø	jɔ̃ 	Ø
weave 	dak	Ø	rɐk	rɐk	rak	rak	rak	rak
weed, grass	ʥam	ʥamu ~ ʥam 	ʥɐŋ	ʥɐŋ	ʥũŋ	ʥũŋ	ʥaŋ ~ ɟaŋ	ʥaŋ
wet1	u-ɕiŋ	u-ɕiŋ	Ø	Ø	a-siŋ	a-siŋ	Ø	a-siŋ
wet2	Ø	Ø	kʰa-lɛˀ	kʰ-leˀ	kʰ-leˀ	pʰ-lɛˀ 	Ø	Ø
wheat	Ø	Ø	Ø	Ø	mu-kuː	mə-kuː	bə-kuː	bə-kuː
when	a-daŋ	a-daŋ	a-dɔ̃ː(ŋ)	a-dɔ̃ː(ŋ)	a-dũː(ŋ)	a-dũː(ŋ)	a-dũː(ŋ)	a-dɔ̃ː
where	a	ha	a-lɔː	Ø	tʰa-a-lɔː	Ø	Ø	Ø
white	jaŋ-kal	jaŋ-kaɹ	a-zɐ̃ː	a-zɐ̃ː	a-zɔ̃ː	a-zɔ̃ː	a-zɔ̃ː	a-zɔ̃ː
who	mi	mi	niː	niː	miː	miː	ɲiː	ɲiː
wife	u-ja 	u-ja	a-juː	a-juː	a-juː	a-juː ~ a-ruː	a-juː	a-juː
wind	nam-suŋ~ nam-sum	nam-suŋ ~ nam-sum	na-søn	nə-søn ~ ny-søn	ny-sɔm ~ nə-sɔm	p-søm	nə-sɔm	nə-sɔm
window	kal-ʨuŋ	kɔː-ʨuŋ ~ ku-ʨuŋ	kɔː-ʨyŋ	kɔː-ʨyŋ	kɔː-ʨyŋ	koː-ʨyŋ	kaw-du 	koː-ʨuŋ
wing	ɲuj-pʰa	Ø	ny-pʰaŋ	ny-pʰaŋ	nə-pʰaŋ	mə-pʰaŋ	nə-pʰaŋ ~ də-pʰaŋ ~ də-faŋ	lə-pʰaŋ
wipe	Ø	Ø	Ø	Ø	yː ~ yŋ	yː	yː	iː
woman	ʥu-mu ~ ʥə-mu 	ʥu-mu 	ʥə-myː	ʥə-myː	ʥə-myː	ʥə-myː	ʥə-myː 	ʥə-miː
wood	hiŋ	ɕiŋ 	hiŋ	hiŋ	hiŋ	hiŋ	hiŋ	hiŋ
wool	ʥak	ʥak	ʥɐk	ʥɐk	ʥak	ʥak	ɟak ~ ʥak	ʥak
word	ŋak-ʦʰik	ʦʰik 	nɔ-ʦʰik	Ø	nɔ-ʨʰik	nuk-ʨʰik	ɲuk-ʦʰik	Ø
work	Ø	pat 	blɛt	Ø	Ø	Ø	blat	blat
wring, squeeze	ʨil	ʨiɹ	Ø	ʨĩˀ	ʨĩˀ	ʨĩˀ	Ø	Ø
year	tɔm	tɔm	tuŋ	tuŋ	tuŋ	tuŋ	tuŋ	tuŋ
year, next	nam-saŋ-ba	nam-saŋ-pa 	Ø	Ø	mə-saŋ-bu	p-saŋ-bu	Ø	Ø
year, this	tʰal-pu	tʰaɹ-pu 	tʰam-bu tuŋ	Ø	tʰam-bu tuŋ	tʰam-bu tuŋ	tʰam-bu tuŋ	Ø
yellow	Ø	Ø	a-xaː	ɛ-hɛːʰ	ɛ-hɛːʰ	ɛ-hɛːʰ	a-haːʰ 	a-haː
yesterday	di-ju	dɛj-ju	dy-jɔː	dy-jɔː	ʥy-jɔː	ʥoː-hɔː ~ ʥoː	dy-jaw 	Ø
