NUMBER	COGNATESET	CONCEPT	MORPHEME	PROTOFORM	SCORE
1	1	1sg	1sg	1.00	⁴g ³⁰a
1	2	2pl.excl	_excl1	0.00	⁰? ⁰?
1	3	2pl.incl	_excl1	0.00	⁰?
1	4	2pl.incl	_incl1	0.67	³¹tʰ ⁰? ³k
1	5	2pl.excl	2pl	0.00	⁰? ⁰?
1	6	2sg	2sg	0.67	⁰? ⁶⁹a ⁸²ŋ
1	7	3sg	3sg	0.67	⁰? ³o ³⁵j
1	11	Bugun	bugun	0.00	⁰? ⁰?
1	12	Bugun	bugun	1.00	⁵hl|³⁶l ¹⁴a|⁴⁵u ⁶m|⁸²ŋ
1	13	Indo-Aryan person	indoaryanperson	1.00	¹³tɕʰ ³⁰a
1	14	Indo-Aryan person	indoaryanperson	1.00	³kʰj|³tsʰ ²⁸a
1	15	human being prefix	human-prefix	0.50	⁰? ³²I
1	16	Indo-Aryan person	indoaryanperson	0.50	⁰? ¹²a
1	17	Jerigaon people	jerigaonpeople	0.50	⁰? ³I
1	18	Thembang people	ji-suffix1	0.00	⁰? ⁰?
1	19	Jerigaon people	jerigaonpeople	1.00	²⁵d ³o
1	21	Khoitam people	khoitampeople	0.33	⁰? ⁰? ¹¹s
1	22	mushroom	?	0.50	⁰? ²⁸u
1	23	Khoitam people	khoitampeople	1.00	¹⁸t ⁶⁹a ¹⁰m
1	24	Miji people	mijipeople	0.50	⁰? ⁶a
1	25	Miji people	?	1.00	³⁶kʰ ¹⁴a|⁴⁵u
1	27	boil (n)	boiln	0.33	⁰? ⁰? ⁴ŋ
1	28	boil (n)	pa-suffix1	0.50	⁷p ⁰?
1	29	Monpa	monpa	0.50	³brj|⁸dʑ ⁰?
1	30	Monpa	monpa	0.00	⁰? ⁰? ⁰?
1	31	Namshu people	namshupeople	0.00	⁰? ⁰?
1	32	leech, land	pa-suffix2	0.00	⁰? ⁰?
1	33	Namshu people	sky-prefix1	0.33	⁰? ⁰? ¹⁸m
1	35	Puroik	puroik	1.00	¹⁸t ⁷²a ⁸²ŋ
1	37	five	?	1.00	³⁶kʰ ³⁰a
1	38	Puroik	puroik	0.00	⁰?
1	39	saliva	?	1.00	³⁶kʰ ¹⁸⁸a
1	40	Rahung, people of	rahungpeopleof	0.67	²³pʰ ⁰? ⁸²ŋ
1	41	Rahung, people of	rahungpeopleof	0.00	⁰? ⁰?
1	43	Sherdukpen	sherdukpen	0.00	⁰? ⁰?
1	44	Sherdukpen	sherdukpen	0.33	³¹tʰ ⁰? ⁰?
1	45	shake	?	1.00	³⁶kʰ ³⁰a
1	46	eye	eye	1.00	³m ³a
1	47	Shergaon, people of	shergaonpeopleof	0.33	⁰? ⁰? ¹⁰r
1	48	Shergaon, people of	shergaonpeopleof	0.00	⁰? ⁰?
1	49	fall	fall	0.33	⁶hj|¹⁶h ⁰? ⁰?
1	50	Thembang people	thembangpeople	0.50	³¹tʰ ⁰? ³a ⁰?
1	51	Thembang people	thembangpeople	0.67	⁰? ⁷²a ⁸²ŋ
1	52	under, below	?	1.00	³⁶kʰ ³⁰a
1	55	ablative	_ablative	1.00	³⁶l ²⁰o
1	56	bad	_u/a-prefix	0.50	⁰? ³a
1	57	finger	finger	0.67	⁰? ⁸a ⁵ŋ
1	58	above, top	abovetop	0.67	⁰? ⁶a ¹³ŋ
1	59	achieve, obtain	achieveobtain	0.67	⁰? ¹¹a ¹⁷n
1	60	aconite	aconite	0.50	¹⁸s ⁰?
1	61	after	up	1.00	³⁶kʰ ²⁴u ⁸²ŋ
1	62	after	_la-prefix1	0.50	³⁶l ⁰?
1	64	afternoon	_sky-prefix6	0.33	⁰? ⁰? ¹⁹w
1	65	split	?	0.00	⁰? ⁰?
1	66	afternoon	_allative	0.67	¹⁸t ⁰? ¹⁴m|²⁴n
1	67	agent	_ergative	0.00	⁰?
1	68	alive, healthy	_u/o/a-prefix	1.00	⁴o
1	69	alive, healthy	alivehealthy	0.67	⁰? ⁹²a ⁸⁹ŋ
1	71	all	all	1.00	³¹tʰ ²⁰o ¹⁴m
1	72	walnut	?	1.00	³⁶kʰ ³⁰a
1	74	allative	_allative	0.67	¹⁸t ⁴a ⁰?
1	75	marten	?	0.67	⁰? ³⁸u ⁸²ŋ
1	76	amaranth	_ma-prefix4	1.00	³m ³a ¹⁵s
1	77	angry (vi)	angryvi	0.00	⁰? ⁰? ⁰?
1	78	angry (vi)	stone1	0.33	³⁶l ⁰? ⁰?
1	79	word	?	0.67	⁰? ³²I ¹¹⁶k
1	80	ant	ant	0.67	⁰? ²⁰o ¹¹⁶k
1	81	year, next	?	0.33	⁰? ⁶⁹a ⁰?
1	82	arrive	arrive	1.00	²³pʰ ⁵a ⁴t
1	83	arrow	arrow	0.67	⁰? ³²I ¹¹⁶k
1	85	ascend	ascend	1.00	⁸dʑ ⁶⁹a ⁸²ŋ
1	86	ash	ash	0.67	⁰? ⁶r ⁶a
1	87	ash	_cha-prefix1	0.00	⁰? ⁰?
1	88	ask	ask	0.67	⁰? ³²I ¹¹⁶k
1	89	associative	_associative	0.67	³¹tʰ ⁰? ⁸²ŋ
1	90	attic	attic	0.33	⁰? ⁰? ³k
1	92	axe	axe	0.33	²³pʰ ⁰? ⁰?
1	94	back (n)	backn	0.00	⁰? ⁰? ⁰?
1	95	back (n)	_sky-prefix6	0.50	⁰? ⁴o|⁷⁵a
1	96	back (wards)	backwards	1.00	³⁶kʰ ⁵I ⁴s
1	97	back (wards)	_la-prefix2	0.50	⁵hl|³⁶l ⁰?
1	99	this	?	1.00	⁸dʑ ⁶u|³²I
1	100	bad	bad1	0.67	⁰? ¹¹a ¹⁷n
1	101	fish	?	0.50	⁰? ⁸a
1	102	bamboo	bamboo	0.67	⁰? ³a ³⁵j
1	103	banana	banana	1.00	¹⁸s ¹⁴a|⁴⁵u ⁶m|⁸²ŋ
1	104	banana	_ma-prefix2	1.00	³m ³a
1	105	friend	friend	0.50	⁰? ¹⁴a
1	106	barley	barley	1.00	²³pʰ ³⁸u ¹¹⁶k
1	107	bastard	bastard	0.33	⁰? ⁶r ⁰?
1	108	bastard	_da-prefix2	0.67	²⁵d ⁰? ⁵w
1	109	bat	bat2	0.00	⁰? ⁰? ⁰? ⁰?
1	110	bat	fly1	0.00	⁰? ⁰? ⁰?
1	111	bat	bat1	0.67	⁰? ⁹²a ⁴ŋ
1	112	peas	peas	0.33	²³pʰ ⁰? ⁰?
1	113	beans	beans2	0.25	⁰? ⁰? ⁰? ¹⁷n
1	114	bear	bear	0.67	⁰? ³⁸u ⁶m
1	115	bear	_sa-prefix3	0.50	⁰? ⁴a
1	116	beat, hit	beathit	0.67	⁰? ²⁰a ¹¹⁶k
1	117	cat	?	1.00	³²b ²⁸u
1	118	beautiful	beautiful	1.00	³⁶l ⁵I ⁴s
1	120	slowly	da-suffix1	0.50	⁰? ⁸a
1	121	bee	bee	0.33	⁰? ⁰? ⁴m
1	122	bee	bee	0.67	³⁶kʰ ⁰? ¹¹s
1	123	bee	bee	1.00	¹³tɕʰ ³a ⁵ŋ
1	124	bee	a-prefix	1.00	⁶⁹a
1	125	beer filter	beerfilter	1.00	³¹tʰ ²⁰o ¹¹⁶k
1	126	beer strainer	beerstrainer	0.00	⁰? ⁰?
1	127	beer strainer	beerstrainer	1.00	³⁶kʰ ⁶⁹a ¹¹s
1	128	behind	behind	0.67	³⁶kʰ ⁰? ¹⁷n
1	129	eye	?	1.00	³²b ³¹u
1	131	belly, abdomen	bellyabdomen	0.67	⁰? ³I ³ŋ
1	132	belly, abdomen	sa-prefix1	0.50	⁰? ³a
1	134	belt	ma-prefix3	1.00	³⁶kʰ ²⁰a ¹¹⁶k
1	135	daughter	?	0.50	²⁵d ⁰?
1	136	belt	ma-prefix1	0.50	⁰? ⁹a
1	137	big	o/a-prefix	1.00	⁴o
1	138	big	?	1.00	²⁵d ²⁰o ¹¹⁶k
1	139	bind (v)	bindv	0.67	⁰? ³⁸u ⁸²ŋ
1	140	bird	pa-prefix2	0.50	⁰? ³⁰a
1	142	bite	bite	0.75	⁴z ⁰? ⁸a ¹¹⁶k
1	143	bitter (vi)	bittervi	0.67	⁰? ²⁰a ¹¹⁶k
1	144	same, equal	?	0.50	⁰? ⁸a
1	145	black	black	0.67	⁰? ⁸a ¹⁸m
1	146	cave	?	0.33	⁰? ⁰? ³p
1	147	blood	blood	0.33	⁰? ⁰? ³⁵j
1	148	kick (v)	kickv	1.00	⁸dr|²⁷r ³a
1	149	blow	blow	0.33	⁰? ⁶u ⁰?
1	150	blow (wind)	blowwind	0.50	⁰? ³⁴u
1	151	in	?	1.00	³⁶l ²⁴u ⁶m|⁸²ŋ
1	152	boar, wild	boarwild	0.67	⁰? ⁴a ²⁴n
1	153	boar, wild	boarwild	0.50	⁰? ⁴a
1	154	boil  (water)	boilwater	0.67	⁰? ⁴o ³w
1	155	boil (n)	boiln	0.75	³⁶kʰ ⁰? ⁷²a ⁸²ŋ
1	156	knee	knee	0.50	³⁶l ⁰?
1	157	kick (v)	?	1.00	¹⁸t ³⁸u ⁶m
1	158	bone	bone	0.67	⁰? ⁶u ³t
1	159	bone	sa-prefix5	0.50	³sj ⁰?
1	160	bone	a/ə/i-prefix	0.00	⁰?
1	161	borrow	borrow	0.50	⁰? ¹⁴I
1	162	borrow	borrow	1.00	³⁶l ⁴u ³⁵j
1	163	bow	bow	1.00	⁴r ³²I
1	164	brain	brain	0.50	⁰? ²⁸u
1	165	left (side)	?	1.00	⁴r|³⁶l ¹⁸⁸a ¹¹⁶k
1	166	lick	?	1.00	³⁶l ²⁰a ¹¹⁶k
1	167	shelf	branch	1.00	²³pʰ ⁶⁹a ⁸²ŋ
1	168	louse	?	0.50	⁰? ⁰? ⁸a ¹¹⁶k
1	169	knee	knee	0.33	⁰? ⁴r ⁰?
1	170	break	break	0.33	⁰? ⁵a ⁰?
1	171	breast, milk	breastmilk	0.33	⁰? ⁰? ⁸²ŋ
1	172	breath	breath	1.00	³²b ²⁴u ¹¹⁶k
1	173	bridge	bridge	0.67	³¹tʰ ⁰? ¹⁷n
1	174	bridge, hanging	bridgehanging	1.00	³⁷sj ⁶a ¹⁸m
1	175	bring	bring	0.67	¹³tɕʰ ⁰? ¹⁷n
1	176	mountain	?	1.00	³⁶l ³⁰a
1	177	brother (elder)	brotherelder	0.50	³pl|³²b ⁰?
1	178	brother (elder)	brotherelder	1.00	²¹j ³a
1	179	brother (elder)	brotherelder	1.00	²⁵d ⁶a
1	181	brother, younger	brotheryounger	0.33	⁰? ⁰? ⁵w
1	182	smoke	?	1.00	³⁶kʰ ³u
1	183	brother-in-law	brotherinlaw	0.67	⁰? ³a ³⁵j
1	184	light	?	1.00	²¹j ¹⁸⁸a ¹⁰²ŋ
1	185	buckwheat, bitter	buckwheatbitter	0.00	⁰? ⁰?
1	186	buckwheat, bitter	buckwheatbitter	0.50	⁰? ¹⁰a
1	188	buckwheat, sweet	buckwheatsweet	0.00	⁰? ⁰? ⁰?
1	189	buckwheat, sweet	buckwheatsweet	0.67	⁰? ⁶u ⁴n
1	191	goral	sa-prefix4	0.00	⁰? ⁰?
1	192	buffalo	buffalo	0.00	⁰? ⁰?
1	193	burn (vi)	burnvi	0.67	⁶hj ⁰? ³⁵j
1	194	veranda	?	1.00	²¹j ¹⁸⁸a ¹⁰²ŋ
1	195	burn, roast (vt)	burnroastvt	0.50	⁰? ¹⁴I
1	196	butter	butter	0.67	⁰? ¹¹a ¹⁰r
1	197	butterfly	butterfly	0.25	⁰? ⁰? ⁰? ⁴ŋ
1	198	butterfly	butterfly	0.67	⁰? ⁴o|⁷²a ¹⁰m
1	199	buy	buy	0.67	⁰? ³a ³⁵j
1	200	call for	callfor	0.33	³⁶kʰ ⁰? ⁰?
1	201	cane	cane	0.50	⁰? ³²I
1	202	cap, hat	caphat	0.00	⁰? ⁰? ⁰?
1	203	cap, hat	?	1.00	³¹tʰ ³⁸u ⁸²ŋ
1	204	carry	?	1.00	³²b ²⁸u
1	205	grind, pound	?	0.50	⁰? ³¹u
1	206	cat	cat	0.33	⁰? ⁶⁹a ⁰?
1	207	cattle, cow	cattlecow	0.50	⁰? ⁴a
1	208	cattle, cow	cattlecow	0.50	⁰? ³⁰a
1	209	cry	?	0.33	⁰? ⁰? ³p
1	210	charcoal	charcoal	1.00	³⁶kʰ ¹¹a ¹⁷n
1	211	charcoal	charcoal	0.33	⁰? ⁰? ⁹ŋ
1	212	leech, land	leechland	1.00	⁷p ⁹⁶a ⁴t
1	214	chest	chest	0.00	⁰? ⁰? ⁰?
1	215	chest	chest	0.67	⁰? ⁴o ¹⁹w
1	216	leech, water	leechwater	1.00	²³pʰ
1	217	chew	?	0.00	⁰? ⁰?
1	218	chicken	?	0.50	⁰? ⁸I
1	219	chicken	pa-prefix1	0.00	⁰? ⁰?
1	221	child	child	0.50	⁰? ²⁸u
1	222	trunk (tree)	?	1.00	³⁶l ¹⁰a
1	223	flour	?	0.50	⁰? ¹²a
1	224	chili	chili	0.33	⁰? ⁰? ⁴ŋ
1	225	chin	chin	0.33	⁰? ⁰? ¹⁷n
1	228	chin	chin	0.00	⁰? ⁰?
1	229	chin	chin	0.33	⁰? ⁰? ¹⁰r
1	230	lightning	lightning	0.50	⁰? ³a|⁸I
1	232	civet or spotted wild cat	civetorspottedwildcat	0.67	⁰? ⁴o|⁷²a ⁶m|⁸²ŋ
1	233	civet or spotted wild cat	small	0.50	⁰? ¹⁴a
1	234	civet or spotted wild cat	civetorspottedwildcat	1.00	⁴g ¹²a
1	235	heart	stone	1.00	³⁶l ²⁴u ⁸²ŋ
1	236	civet, palm	civetpalm	1.00	⁵nj|¹⁴ŋ ⁶o ¹⁴m
1	237	civet, palm	civetpalm	1.00	¹⁸s|³⁷sj ³a
1	238	clean	clean	0.33	⁰? ⁷²a ⁰?
1	239	bad	bad2	0.50	⁰? ¹⁴a|⁴⁵u
1	240	cliff, ravine	cliffravine	0.67	⁰? ²⁰a ¹¹⁶k
1	241	clitoris	clitoris	0.50	⁰? ⁵I
1	242	clitoris	clitoris	0.67	⁰? ²⁶o ¹⁰p
1	244	clothing	clothing	0.67	⁰? ⁴a ⁷t
1	246	cloud, mist, fog	cloudmistfog	1.00	¹⁸t ³u
1	247	cloud, mist, fog	cloudmistfog	0.00	⁰? ⁰? ⁰?
1	249	cockroach	cockroach	1.00	¹³tɕʰ ³⁸u ³k
1	250	cockroach	cockroach	0.67	⁰? ⁷u ⁸⁹ŋ
1	251	scratch	?	1.00	²⁵d ²⁰o ¹¹⁶k
1	252	cold	cold	0.67	⁰? ¹¹a ²⁴n
1	253	cold (vi)	coldvi	0.33	⁰? ⁰? ¹⁴m
1	255	comb	comb	0.67	⁰? ⁴a ¹¹s
1	256	come	come	0.50	⁷u ⁰?
1	258	comparative degree	comparativedegree	0.67	⁰? ²⁰o ¹¹⁶k
1	259	cook	cook	0.33	⁰? ⁰? ⁸²ŋ
1	260	copula, existential	?	0.50	³²b ⁰?
1	261	copula, negative	copulanegative	0.50	³²b ⁰?
1	262	copula, negative	copulanegative	0.50	⁰? ²⁸u
1	263	corpse	corpse	0.33	⁰? ⁰? ¹⁶w
1	265	cotton	cotton	0.25	⁰? ⁰? ⁰? ⁴³j
1	266	cotton	cotton	0.33	⁰? ²⁰a ⁰?
1	268	cough (vi)	coughvi	0.50	⁰? ³¹u
1	269	count	count	0.00	⁰? ⁰? ⁰? ⁰?
1	270	cover (v)	coverv	0.75	³¹tʰ ⁰? ¹¹a ⁹³ŋ
1	271	creeper, vine	vine	1.00	³¹tʰ ²⁰a ¹¹⁶k
1	272	creeper, vine	creepervine	1.00	⁴kh|³⁶kʰ ³¹u
1	273	crow	crow	0.00	⁰? ⁰? ⁰?
1	274	crow	crow	0.00	⁰? ⁰?
1	276	short	?	1.00	³¹tʰ ¹⁴a|⁴⁵u ⁶m|⁸²ŋ
1	277	cucumber	cucumber	0.33	⁰? ⁰? ¹⁸m
1	278	cucumber	cucumber	0.67	⁰? ³⁸u ⁸²ŋ
1	279	curcuma sp.	curcumasp	1.00	³²b ³o ¹⁵s
1	280	cure (vi)	curevi	0.67	⁸dʑ ⁷²a ⁰?
1	281	cut	cut	0.00	⁰? ⁰? ⁰?
1	282	dance	dance	0.50	⁰? ³⁰a
1	283	trunk (tree)	?	1.00	³¹tʰ ²⁴u ⁶m|⁸²ŋ
1	284	daughter	mu-suffix	0.50	⁰? ²⁸u
1	285	daughter-in-law	daughterinlaw	1.00	¹³tɕʰ ⁷²a ¹⁴m
1	286	pull	?	0.50	⁰? ⁰? ¹¹a ⁹³ŋ
1	287	day after tomorrow	dayaftertomorrow	0.33	³⁶l ⁰? ⁰?
1	288	day after tomorrow	dayaftertomorrow	1.00	³⁶l ³⁰a
1	289	day after two days	dayaftertwodays	0.00	⁰? ⁰? ⁰?
1	290	day after two days	dayaftertwodays	0.67	³⁶l ³o ⁰?
1	291	day before two days	daybeforetwodays	0.33	⁰? ⁰? ³k
1	292	day before two days	daybeforetwodays	0.33	⁰? ⁰? ⁴³j
1	296	day before two days	daybeforetwodays	0.50	⁰? ³²I
1	297	day before yesterday	daybeforeyesterday	0.67	³⁶kʰ ⁰? ³k
1	298	day before yesterday	daybeforeyesterday	0.00	⁰? ⁰?
1	300	day before yesterday	daybeforeyesterday	0.00	⁰? ⁰?
1	301	peas	peas	0.33	⁰? ³u|⁶a ⁰?
1	302	deaf	deaf	0.50	⁰? ⁰? ³a ⁸⁹ŋ
1	306	deep	deep	0.00	⁰? ⁰?
1	307	lie (n)	?	1.00	¹⁸s
1	308	push	?	0.50	⁰? ³u
1	310	deer, barking	deerbarking	0.00	⁰? ⁰? ⁰?
1	311	deer, barking	deerbarking	0.50	⁰? ¹⁴I
1	312	goat	sa-prefix6	0.00	⁰? ⁰?
1	313	deer, sambar	deersambar	0.33	⁰? ²⁴u ⁰?
1	314	defeat (vi)	defeatvi	1.00	²³pʰ ¹⁴a ¹⁸m
1	315	deity, ghost	deityghost	0.50	⁰? ⁴a
1	316	deity, ghost	deityghost	0.50	⁰? ¹⁵a
1	318	descend	descend	1.00	²¹j ³¹u
1	319	die	die	1.00	¹⁴I
1	320	dig	dig	1.00	²¹j ²⁰o ¹¹⁶k
1	321	dirty	dirty	0.33	⁰? ⁵a ⁰?
1	322	soft / smooth	?	1.00	²⁵d ¹⁴a|⁴⁵u ⁶m|⁸²ŋ
1	324	disease	disease	0.67	⁰? ¹⁴a|⁴⁵u ⁶m|⁸²ŋ
1	325	do	do	0.00	⁰? ⁰?
1	326	pull	pull	1.00	⁴g ¹⁴I
1	327	dog	dog	1.00	³¹tʰ ⁸I
1	328	few, little	?	1.00	³tsʰj|³tɕʰw ³a|⁸I
1	329	walk, move, go	?	0.50	⁰? ⁴a
1	330	dog, wild	dogwild	0.33	⁰? ⁰? ¹⁹w
1	331	door	door	0.33	⁰? ⁰? ¹⁶w
1	332	down	down	0.50	³²b ⁰?
1	333	down (visible)	downvisible	0.25	³⁶kʰ ⁰? ⁰? ⁰?
1	334	dragon, thunder, lightning	thunder	0.50	⁰? ³o|³a
1	335	lightning	sky-prefix3	0.00	⁰? ⁰? ⁰?
1	337	dream (n)	dreamn	0.50	³²b ⁰? ⁴a ⁰?
1	338	drink	drink	0.67	⁰? ³²I ⁸²ŋ
1	339	dry (adj.)	dry	1.00	¹¹a ¹⁰r
1	341	dry (adj.)	dryadj	1.00	²⁴u ³t|¹¹⁹k
1	342	dry (adj.)	dryadj	0.00	⁰? ⁰? ⁰?
1	344	child	?	1.00	³n|⁴hn ²⁵a
1	345	dual	dual	0.67	⁴z ³⁵I ⁰?
1	346	eagle, buzzard	eaglebuzzard	1.00	¹¹ts ²⁴u ⁶m
1	347	quarrel (v)	quarrelv	1.00	³sj ³⁴o|³⁸u ¹⁰²ŋ
1	348	eagle, buzzard	eaglebuzzard	0.50	⁰? ³a
1	349	ear	?	1.00	³¹tʰ ²⁴u ⁸²ŋ
1	350	ear	ear	0.00	⁰? ⁰?
1	351	ear	ear	1.00	⁴r|³⁶l ²³a ¹⁰p
1	352	earthworm	earthworm	0.00	⁰? ⁰? ⁰? ⁰?
1	353	earthworm	earthworm	0.50	³pʰl|²³pʰ ⁰?
1	354	earthworm	earthworm	1.00	⁴hw|⁶hj ¹¹a
1	355	earthworm	earthworm	1.00	⁴r|³⁶l ³o
1	356	earthworm	earthworm	1.00	⁴kh|³⁶kʰ
1	357	eat	eat	0.50	⁰? ⁸a
1	358	egg	egg	0.67	⁰? ³⁸u ⁸²ŋ
1	359	mouth	?	0.00	⁰? ⁰?
1	361	eggplant	eggplant	0.67	³¹tʰ ⁴o ⁰?
1	363	eggplant	eggplant	0.00	⁰? ⁰? ⁰?
1	364	eight	eight	0.00	⁰? ⁰? ⁰?
1	365	eight	eight	1.00	¹⁸s ⁶⁹a ⁵r
1	366	elbow	elbow	0.50	⁰? ³a
1	367	elbow	elbow	0.00	⁰? ⁰?
1	368	elbow	hand2	1.00	⁶u|³²I ¹¹⁹k
1	372	elephant	elephant	0.00	⁰? ⁰?
1	373	elephant	elephant	0.67	⁰? ²⁰o ⁶m|⁸²ŋ
1	374	elephant	elephant	0.00	⁰? ⁰? ⁰?
1	375	head	container	0.67	⁰? ³⁸u ¹¹⁶k
1	376	spit	?	1.00	⁵hl|⁶hj ³u|⁶a ⁴⁵n
1	377	frying pan	?	1.00	⁵jw|²¹j ³a|⁸I
1	378	excrete	excrete	0.67	⁰? ⁴a ⁷t
1	379	exit	exit	0.33	⁰? ⁵a ⁰?
1	380	eye	eye	0.67	⁰? ³a ⁴m
1	381	deep	?	1.00	⁸r ³⁴u
1	382	face	face	0.33	⁰? ⁰? ³⁵j
1	383	face	face	1.00	⁴z ²⁴u ¹¹⁶k
1	384	falcon	falcon	0.67	⁰? ⁴o ³ŋ
1	386	falcon	falcon	0.00	⁰? ⁰?
1	387	left (side)	?	1.00	¹³a
1	389	pumpkin	?	1.00	³sj ⁴a
1	390	far	far	0.50	⁰? ¹¹a
1	391	millet, broomcorn	?	1.00	¹⁰tsʰw ²⁰a ¹¹⁶k
1	392	fast	fast	1.00	⁸dʑ ²⁰o ¹¹⁶k
1	393	potato-bean	?	1.00	³m ¹⁸a ²⁴n
1	396	fat (n)	fatn	0.67	²¹j ⁴o ⁰?
1	397	father	father	0.50	⁰? ⁴a
1	398	millet, foxtail	?	1.00	³⁶kʰ ⁶a
1	399	fear (vi)	fearvi	0.67	⁰? ¹⁴a|⁴⁵u ⁶m|⁸²ŋ
1	400	female	female	0.50	⁰? ³⁰a
1	401	amaranth	amaranth	1.00	³krj ³⁸u ⁸⁵ŋ
1	403	fence	fence	1.00	⁴g ³⁸u ⁸⁹ŋ
1	404	fern, fiddlehead	fernfiddlehead	1.00	¹⁸s ⁶o ¹⁴m
1	405	fern, fiddlehead	fernfiddlehead	1.00	²⁵d ⁶⁹a ⁸²ŋ
1	406	fetch	fetch	0.50	³⁶l ⁰?
1	407	year, next	?	1.00	³sj|¹⁸s ⁹²a ⁸⁹ŋ
1	408	honey	?	1.00	¹³tɕʰ ⁶o|¹⁷a
1	409	field	field	0.25	⁰? ⁰? ⁸a ⁰?
1	410	finger	hand1	0.33	⁰? ⁶u ⁰?
1	411	hornet	?	1.00	²⁵d ¹⁵a
1	412	finger	finger	0.50	⁰? ⁶⁹a
1	413	finger	finger	0.50	³²b ⁴r ⁰? ⁰?
1	415	fire	fire	1.00	³²b ³a ³⁵j
1	416	fire prefix	fireprefix	1.00	³²b ³a
1	417	lightning	?	1.00	³pl|³²b ⁸o|¹²³a
1	419	flame	flame	0.67	⁰? ⁹²a ¹⁰p
1	421	flee	flee	1.00	²¹j ⁵a ⁴t
1	422	float	?	1.00	⁸r ³a|⁸I
1	423	dog	?	0.50	⁰? ¹⁸⁸a
1	424	flour	flour	0.67	⁰? ⁴u ³⁵j
1	425	shake	shake	1.00	³m ⁴o|⁹¹a ⁴n|⁶m
1	427	sister, younger	sisteryounger	1.00	⁸r ⁶u|³²I ⁶m|⁸⁵ŋ
1	428	flow	flow	0.33	⁰? ²⁴u ⁰?
1	429	sour	sour	1.00	⁵tɕ ⁶o|¹⁷a ⁴⁸m
1	430	flow	flow	0.67	⁰? ⁹²a ¹⁶w
1	431	fly (n)	flyn	0.00	⁰? ⁰? ⁰?
1	432	fly (n)	flyn	0.33	⁰? ⁰? ⁴m
1	433	fly (n)	flyn	1.00	⁵tɕ ²⁴o ⁴n|⁶m
1	434	fly (vi)	flyvi	0.33	⁰? ¹¹a ⁰?
1	435	sparrow	sparrow	0.33	⁰? ⁰? ⁴a
1	436	fodder	fodder	0.00	⁰? ⁰?
1	437	food	food	0.67	⁶hj ⁰? ³⁵j
1	438	forehead	forehead	0.00	⁰? ⁰?
1	439	excrement	?	1.00	²¹j ³a|⁸I
1	440	forest	forest	0.00	⁰? ⁰? ⁰?
1	441	forest	forest	0.67	⁰? ⁹²a ⁹³ŋ
1	442	garlic	?	1.00	¹⁸s ⁶u|³²I ⁶m|⁸²ŋ
1	443	forest	forest	1.00	⁸r ³a
1	444	forget	forget	1.00	²³pʰ ⁶r ²⁰a ¹¹⁶k
1	445	four	four	0.50	⁷p ⁰?
1	446	four	four	0.50	⁰? ¹⁴I
1	447	friend	friend	0.67	⁰? ²⁰o ¹¹⁶k
1	448	friend	soil-prefix	0.50	⁰? ³a
1	449	sparrow	sparrow	0.67	³krj|⁵tɕ ⁰? ²⁴m
1	451	frog	horse	1.00	¹⁸t ⁶a
1	452	frog	frog	0.67	⁸r ³o ⁰?
1	453	frog	frog	1.00	²⁵d ⁶o|¹⁷a ¹⁰²ŋ
1	454	okay	?	0.50	⁰? ³⁵j
1	456	moon, month	moon	1.00	³²b ⁶r ³⁰a
1	457	moon, month	sky-prefix2	0.67	⁰? ⁶⁹a ¹⁰m
1	458	wait	?	1.00	³⁶l ⁷²a ⁸²ŋ
1	459	rain (n)	?	0.50	⁰? ³⁰a
1	460	frying pan	fryingpan	0.50	³⁶kʰ ⁰?
1	461	that side	?	1.00	²⁴o
1	462	full	ba-suffix	1.00	³²b ⁶⁹a
1	463	much	?	0.50	⁰? ¹⁸⁸a
1	464	full	fill	0.50	⁰? ⁰? ³²I ⁸²ŋ
1	465	gall, bile	gallbile	0.50	⁰? ³²I
1	466	fruit	?	1.00	⁵hl|³⁶l ⁴o|⁹⁹a ⁶m|⁸⁹ŋ
1	468	garden	garden	1.00	¹³tɕʰ ⁶o ⁵r
1	469	garden	garden	1.00	¹⁸s ⁴u|⁷o ⁵r
1	471	garlic	garlic	0.33	³m ⁰? ⁰?
1	472	wet	?	1.00	³sj ³⁵I ⁸⁹ŋ
1	473	give	give	0.50	⁰? ¹⁴I
1	474	go	go	0.50	⁰? ⁸²ŋ
1	475	keep, remain	?	0.50	⁰? ³⁰a
1	476	goat	goat	0.00	⁰? ⁰?
1	477	goitre	goitre	0.50	²⁵d ⁰?
1	478	goitre	goitre	0.33	⁰? ⁰? ¹⁶w
1	479	gold	gold	0.33	¹⁸s ⁰? ⁰?
1	480	soda ash	?	0.50	⁰? ¹⁴I
1	481	good	good	0.33	⁰? ⁰? ¹⁰p
1	482	shoulder	?	1.00	¹⁸t ⁶o|¹⁷a ¹⁰²ŋ
1	483	goral	goral	0.33	⁰? ⁴a ⁰?
1	484	gourd	gourd	1.00	³⁶kʰ ⁴a
1	485	gourd	gourd	1.00	³kʰj|¹³tɕʰ ³⁸u ⁸²ŋ
1	486	grandfather	grandfather	1.00	¹⁸s|³⁷sj ³⁰a
1	488	angry (vi)	angryvi1	1.00	³tsʰ ³u|⁶a ¹¹⁶k
1	489	grandmother	grandmother	0.50	²¹j ⁰?
1	490	green	green	0.67	⁰? ¹¹a ⁹ŋ
1	491	green	green	1.00	²⁰o
1	493	melt	?	0.50	⁰? ²⁸u
1	494	gum	sa-prefix2	0.00	⁰? ⁰?
1	495	gum	gum	1.00	⁵nj ³I ¹¹ŋ
1	498	hail	hail	0.33	⁰? ⁰? ⁵ŋ
1	499	hail	hail	0.67	²¹j ⁰? ⁶m|⁸²ŋ
1	500	hair (body): feather	hairbodyfeather	0.67	⁰? ⁶u ⁸²ŋ
1	501	left (side)	?	1.00	³pl|³²b ²⁵a
1	502	hair (head)	hairhead	0.67	⁰? ⁶⁹a ⁸²ŋ
1	503	hair (head)	hairhead	0.50	⁰? ⁹a
1	504	halt, stop	haltstop	0.67	⁰? ²⁰a ¹¹⁶k
1	505	fall	?	0.50	⁰? ³⁰a
1	507	hard	hard	0.50	⁰? ³⁰a
1	508	sparrow	?	1.00	⁸dr|³¹r ³a|⁸I
1	509	hatch	hatch	0.67	⁰? ²⁰o ¹¹⁶k
1	511	head	head	0.50	³⁶kʰ ⁰?
1	513	heart	heart	0.50	⁰? ¹²a
1	514	heart	heart	0.67	³¹tʰ ¹⁸⁸a ⁰?
1	515	hearth, fireplace	hearthfireplace	0.67	³²b ⁰? ⁸j
1	516	hearth, fireplace	hearthfireplace	0.33	⁰? ⁶o ⁰?
1	519	heavy	heavy	1.00	³⁶l ¹⁴I
1	520	here	here	0.50	³¹tʰ ⁰?
1	521	here	here	0.67	⁸r ⁰? ⁹ŋ
1	523	hide	hide	1.00	⁷u ¹¹⁶k
1	524	hold	hold	1.00	⁴z ⁶o ¹⁴m
1	525	honey	honey	0.50	⁰? ¹⁴I
1	527	horn	?	0.50	⁰? ⁰? ⁸a ⁸²ŋ
1	528	hornbill	hornbill	0.67	⁵hl|³⁶l ⁰? ⁹ŋ
1	531	hornbill	hornbill	0.50	⁰? ¹⁴a|⁴⁵u
1	532	hornbill	hornbill	0.67	⁵pw ⁰? ¹⁵ŋ
1	533	hornet	hornet	0.00	⁰? ⁰? ⁰?
1	534	hornet	hornet	0.50	⁰? ³¹u
1	538	horse	?	0.00	⁰?
1	539	horsefly	horsefly	1.00	⁷p ³²I ⁴m
1	540	horsefly	horsefly	1.00	¹⁸t ⁴a ¹⁰m
1	541	horsefly	horsefly	1.00	³hla|⁵hl ⁴o|⁷⁵a
1	542	spear	spear	0.67	⁰? ²⁰o ³ŋ
1	543	star	da-prefix	0.50	²⁵d ⁰?
1	544	house	house	0.67	⁰? ⁶⁹a ¹⁴m
1	545	how many	howmany	0.00	⁰? ⁰? ⁰?
1	547	how many	howmany	0.50	⁰? ¹²a
1	548	how many	howmany	0.00	⁰? ⁰? ⁰?
1	551	sun, day	sunday	0.50	⁰? ³u
1	552	tuber	tuber	1.00	⁸dʑ ³⁰a
1	553	human being	humanbeing	0.67	⁰? ⁶u ⁴n
1	554	human being	humanbeing	0.50	⁰? ⁹a
1	558	hungry (vi)	hungryvi	1.00	³⁶kʰ ⁸a ¹⁸m
1	561	hunter	hunter	0.50	⁰? ⁶⁹a
1	562	hunter	hunter	0.50	⁷p ⁰?
1	564	husband	husband	1.00	²¹j ⁴u
1	566	ice	ice	0.33	⁰? ⁴a ⁰?
1	567	imperative	imperative	0.00	⁰? ⁰?
1	570	insect	insect	1.00	²³pʰ ²⁸u
1	572	intestines	intestines	0.50	⁰? ⁴u
1	574	iron	iron	0.00	⁰? ⁰?
1	575	itch	itch	0.50	⁰? ⁵w
1	576	up there	upthere	1.00	³¹tʰ ⁴o|⁷²a ⁶m|⁸⁵ŋ
1	577	jackal	jackal	0.33	⁰? ⁰? ⁸⁵ŋ
1	578	jackal	jackal	1.00	³m ³a ³⁵j
1	579	jump	jump	0.33	⁰? ⁰? ⁹ŋ
1	581	morning	?	1.00	⁸r ³⁰a
1	582	kick (v)	kickv	0.67	³⁶l ⁰? ³⁵j
1	583	kick (v)	kickv	0.50	⁰? ³¹u
1	584	year	year	1.00	¹⁸t ³⁸u ⁶m
1	585	kill	kill	1.00	⁴a ⁷t
1	586	trivet	trivet	0.50	⁵tɕ ⁰?
1	587	kiss (n)	kissn	0.67	⁰? ⁷u ¹⁰p
1	588	knee	knee	0.67	²³pʰ ⁰? ³t|¹¹⁹k
1	589	pillow	pillow	0.33	⁰? ⁰? ¹⁴m
1	591	knee	knee	0.50	⁰? ⁶r ⁰? ³k
1	593	know	know	1.00	²⁵d ¹¹a ²⁴n
1	594	ladder	ladder	0.33	³⁶l ⁰? ⁰?
1	595	ladder	ladder	0.67	³¹tʰ ⁰? ⁹ŋ
1	596	language	language	0.00	⁰? ⁰? ⁰?
1	597	langur	langur	0.00	⁰? ⁰?
1	598	langur	langur	0.33	⁰? ⁸a ⁰?
1	599	lap	lap	0.33	²⁵d ⁰? ⁰?
1	601	late (vi)	latevi	1.00	²¹j ⁴a ⁷t
1	602	laugh	laugh	0.67	⁰? ³a ³⁵j
1	603	leaf	leaf	1.00	⁴r ³a ¹⁰p
1	605	leaf litter	leaflitter	0.50	³²b ⁰?
1	606	leaf litter	leaflitter	0.33	¹⁸s ⁰? ⁰?
1	607	leech, land	leechland	0.33	⁰? ¹¹a ⁰?
1	608	leech, land	leechland	0.50	²³pʰ ⁰?
1	609	leech, water	leechwater	0.50	⁰? ⁰? ³²I ¹¹⁶k
1	612	left (side)	leftside	0.00	⁰? ⁰?
1	613	red	?	0.00	⁰?
1	615	penis	?	1.00	³⁶l ²⁰a ¹¹⁶k
1	616	left (side)	leftside	0.33	¹⁸t ⁰? ⁰?
1	617	pheasant, kalij	?	0.00	⁰? ⁰?
1	620	leg	leg	1.00	³⁶l ³a ³⁵j
1	622	lie (n)	lien	1.00	¹⁸t ⁴a
1	624	lift completely, carry	liftcompletelycarry	1.00	³⁶kʰ ⁹²a ⁸⁹ŋ
1	625	light	light	0.33	⁰? ³⁸u ⁰?
1	633	lightning	lightning	1.00	¹⁸t ⁴o|¹¹⁰a ¹⁰p
1	634	lightning	lightning	0.50	³m ⁰?
1	635	like, love	likelove	0.00	⁰? ⁰? ⁰?
1	637	liquor	liquor	1.00	²³pʰ ²⁰a ¹¹⁶k
1	638	listen, heed	listenheed	0.33	⁰? ⁸a ⁰?
1	639	live, stay	livestay	1.00	⁸dʑ ⁵a ¹⁶w
1	640	liver	liver	0.25	⁰? ⁰? ⁰? ¹⁷n
1	644	load (n)	loadn	1.00	²¹j ³⁸u ⁸²ŋ
1	645	locative	locative	0.00	⁰? ⁰?
1	646	long	long	0.33	⁰? ⁰? ⁸²ŋ
1	648	look	look	1.00	³⁶l ¹¹a ²⁴n
1	649	red	?	0.50	⁰? ⁰? ⁸a ¹¹⁶k
1	651	lungs	lungs	1.00	⁸r ⁴I
1	652	lungs	lungs	1.00	¹⁸s ¹²a
1	656	macaque	macaque	0.00	⁰? ⁰?
1	657	macaque	?	1.00	²⁵d ³⁸u ⁸²ŋ
1	658	machete	machete	0.67	⁶hj ⁴o ⁰?
1	659	machete	machete	1.00	²⁵d ³⁰a
1	661	maize	maize	0.00	⁰? ⁰? ⁰?
1	664	make	make	0.00	⁰? ⁰? ⁰?
1	665	male	male	1.00	²³pʰ ³⁰a
1	667	man	man	0.00	⁰? ⁰?
1	668	man	man	0.50	⁰? ³⁰a
1	670	manure	manure	0.50	⁵hl ⁰?
1	671	manure	manure	1.00	⁵pw ³⁰a
1	673	marrow	marrow	0.00	⁰? ⁰?
1	677	marten	marten	1.00	¹⁸t ⁶⁹a ⁸²ŋ
1	678	meat, animal	meatanimal	0.50	⁰? ³⁰a
1	682	medicine	medicine	0.67	⁰? ¹¹a ²⁴n
1	683	meet	meet	0.50	⁰? ³¹u
1	686	middle / centre	middlecentre	0.67	⁰? ³⁸u ⁸²ŋ
1	687	millet, broomcorn	sky-prefix4	0.67	⁰? ³a ⁹ŋ
1	688	settle	?	0.67	⁰? ⁹²a ¹¹⁶k
1	689	millet, finger	milletfinger	0.00	⁰? ⁰?
1	690	millet, finger	milletfinger	0.33	⁰? ⁰? ¹⁴m
1	693	mithun	mithun	0.00	⁰? ⁰?
1	694	mithun	mithun	0.00	⁰? ⁰?
1	698	morning	morning	1.00	⁵nj|¹⁴ŋ ³a
1	702	mortar (wood)	mortarwood	0.67	⁰? ⁶o ¹⁴m
1	704	mother	mother	0.00	⁰? ⁰?
1	705	radish	?	1.00	³⁶l ³⁰a
1	706	mountain peak	?	0.50	⁰? ¹⁴I
1	707	mountain peak	mountainpeak	1.00	⁵pw ³⁰a
1	709	mouse, rat	mouserat	1.00	¹⁸s ⁴a ¹⁸m
1	710	mouse, rat	mouserat	0.00	⁰? ⁰? ⁰?
1	711	mouth	mouth	0.33	⁰? ⁰? ¹⁶w
1	712	mouth	mouth	0.50	⁰? ³a
1	714	much	much	0.00	⁰? ⁰? ⁰? ⁰?
1	718	mud	mud	0.00	⁰? ⁰?
1	719	mud	mud	0.67	⁰? ⁸a ¹⁸m
1	721	naga, serpent deity	nagaserpentdeity	1.00	⁵hl ³¹u
1	723	nail	nail	0.33	⁰? ³²I ⁰?
1	726	name	name	0.33	⁰? ⁰? ⁸²ŋ
1	729	navel	navel	0.50	³²b ⁰?
1	730	navel	navel	0.50	⁰? ⁸I
1	733	neck	neck	1.00	³¹tʰ ³⁸u ⁷ŋ
1	734	neck	neck	0.33	⁰? ⁰? ¹⁷n
1	738	need to, have to	needtohaveto	0.67	⁰? ⁴a ⁷t
1	739	needle	needle	0.33	⁰? ⁰? ¹⁴I
1	740	negative prefix	negativeprefix	0.50	³²b ⁰?
1	741	nest, hive, womb	nesthivewomb	0.67	³⁶kʰ ²⁰o ⁰?
1	742	net for fishing	netforfishing	0.33	⁰? ³⁸u ⁰?
1	743	new	new	0.33	⁰? ⁰? ²⁴n
1	744	new	new	0.00	⁰?
1	745	night	night	0.67	⁰? ¹⁰a ¹⁸m
1	746	night	dark	1.00	²³pʰ ³⁸u ⁸²ŋ
1	747	nine	?	1.00	³⁶kʰ ³u
1	748	nine	nine	0.00	⁰? ⁰? ⁰?
1	749	nomen agentis	nomenagentis	1.00	³⁶kʰ ¹¹a ²⁴n
1	750	nominaliser	nominaliser	1.00	³²b ⁶⁹a
1	751	noon	noon	1.00	¹⁸t ¹¹a ¹⁷n
1	752	noon	noon	1.00	⁶hj|¹⁶h ⁴o|⁷²a
1	753	noon	noon	0.67	³²b ⁰? ⁴s
1	755	nose	nose	0.33	⁰? ⁰? ¹⁸m
1	759	oil	oil	1.00	³¹tʰ ⁴o
1	760	see	?	0.50	⁰? ³⁵j
1	762	old	?	0.67	⁰? ¹¹a ²⁴n
1	764	one	?	0.67	⁶hj ⁰? ²⁴n
1	765	other	ji-suffix2	0.50	⁰? ³²I
1	766	other	other	0.50	³pl|³²b ⁰?
1	767	other	other	0.00	⁰?
1	768	otter	otter	0.00	⁰? ⁰?
1	769	otter	otter	0.67	⁰? ²⁰a ¹¹⁹k
1	770	outside	outside	0.00	⁰?
1	771	outside	outside	0.50	⁰? ⁸a
1	775	palm, sole	palmsole	0.33	⁰? ⁹²a ⁰?
1	776	palm, sole	palmsole	1.00	³¹tʰ ⁶a
1	777	palm, sole	palmsole	0.50	⁰? ⁹²a
1	778	pangolin	pangolin	1.00	⁵pw ⁴u
1	779	pangolin	pangolin	0.50	¹⁸s|³⁷sj ⁰?
1	781	partridge	partridge	0.67	⁴kh|³⁶kʰ ⁰? ³w
1	786	partridge	partridge	0.00	⁰? ⁰?
1	787	path, road	pathroad	1.00	³m ⁸a
1	788	path, road	pathroad	0.33	⁵hl ⁰? ⁰?
1	791	patient marker	patientmarker	0.50	⁰? ¹⁴I
1	794	peas	peas	0.33	⁰? ⁰? ³a
1	796	pheasant, kalij	pheasantkalij	0.33	⁰? ⁰? ¹¹⁹k
1	800	pheasant, tragopan	pheasanttragopan	1.00	⁶hj|¹⁶h ¹⁴a|⁴⁵u
1	801	pheasant, tragopan	pheasanttragopan	0.33	³²b ⁰? ⁰?
1	802	pig	pig	0.67	⁰? ²⁰a ¹¹⁶k
1	803	pig	pig	0.50	⁰? ⁸a
1	805	pillow	pillow	0.00	⁰? ⁰? ⁰?
1	807	pinch	pinch	0.67	⁰? ³²I ¹¹⁶k
1	808	pine kindle	pinekindle	0.33	³²b ⁰? ⁰?
1	809	pine kindle	pinekindle	0.50	⁰? ³²I
1	812	plait	plait	0.33	²³pʰ ⁰? ⁰?
1	814	plant  (vt)	plantvt	0.67	⁵hl ⁰? ³⁵j
1	815	play	play	0.67	⁴r|³⁶l ⁰? ³⁵j
1	816	play	play	0.67	⁰? ¹³a ⁴n|⁶m
1	817	plough (v)	ploughv	0.33	⁰? ⁰? ³⁵j
1	818	plural	plural	0.33	³¹tʰ ⁰? ⁰?
1	819	poison	poison	1.00	²⁵d ²⁴u ¹¹⁶k
1	820	porcupine	porcupine	0.67	³²b ⁰? ⁸j
1	821	porcupine	porcupine	0.00	⁰? ⁰?
1	823	pour	pour	1.00	⁵hl ²⁴u ¹¹⁶k
1	824	present	present	0.50	²⁵d ⁰?
1	825	prohibitive prefix	prohibitiveprefix	0.50	⁰? ¹⁰a
1	827	pulse	pulse	1.00	⁷p ²⁸u
1	828	pulse	pulse	0.67	⁰? ²⁰a ¹¹⁶k
1	829	pumpkin	pumpkin	0.75	²³pʰ ⁰? ¹⁴a|⁴⁵u ⁴n|⁶m
1	830	pumpkin	pumpkin	0.50	⁰? ⁴o|⁷²a
1	833	pumpkin	pumpkin	0.50	³²b ⁰? ⁷u ⁰?
1	835	pus	pus	0.33	⁰? ⁰? ³⁵j
1	839	put	put	0.33	⁰? ⁰? ⁴³j
1	841	quarrel (v)	quarrelv	0.33	⁰? ⁰? ³⁵j
1	843	question	question	1.00	²¹j ⁹²a
1	844	quiver	quiver	0.33	⁰? ³²I ⁰?
1	848	radish	radish	0.00	⁰? ⁰?
1	849	rice, husked	?	0.50	⁰? ³⁰a
1	852	rainbow	rainbow	0.67	⁰? ⁴o|⁷²a ³ŋ
1	853	rainbow	rainbow	0.67	⁰? ¹⁴a|⁴⁵u ⁵ŋ
1	855	rainbow	rainbow	1.00	³kʰj|¹³kʰrj ³a
1	856	reap	reap	0.67	⁰? ¹⁴a ¹⁸m
1	857	recognise	recognise	0.50	⁰? ¹¹s
1	864	rest (n)	restn	0.00	⁰? ⁰? ⁰?
1	867	rib	rib	0.50	⁶hj ⁰?
1	868	rib	rib	0.00	⁰? ⁰? ⁰?
1	871	rice, unhusked, paddy	riceunhuskedpaddy	0.50	⁰? ⁵I
1	872	rice, unhusked, paddy	sky-prefix5	0.50	⁰? ³a
1	874	ride, mount	ridemount	0.50	⁰? ¹⁰r
1	876	right	right	0.00	⁰? ⁰?
1	878	ripe	ripe	1.00	²¹j ³⁸u ⁶m
1	881	roof	roof	0.67	⁰? ⁷²a ¹⁰m
1	882	roof	roof	0.33	⁰? ⁰? ⁴ŋ
1	886	root	root	0.50	⁰? ⁴I
1	888	rope	rope	0.00	⁰?
1	889	rot (vi)	rot	0.67	⁰? ⁸a ¹⁸m
1	891	round, small object	roundsmallobject	1.00	³hla|⁴r ⁴o|⁷⁸a ¹¹⁹k
1	894	round, small object	roundsmallobject	0.67	³²b ⁰? ³u
1	895	rub	rub	0.67	⁰? ²⁴u ⁶m|⁸²ŋ
1	896	rub; sharpen	rubsharpen	0.67	⁰? ³u ¹⁷n
1	897	run	run	0.00	⁰? ⁰?
1	898	sago	sago	0.67	⁰? ²⁴u ¹¹⁶k
1	899	saliva	saliva	0.00	⁰? ⁰? ⁰?
1	900	saliva	saliva	0.50	⁰? ⁴o|⁷⁵a
1	902	salt	salt	0.33	⁶hj ⁰? ⁰?
1	908	sand	sand	0.50	²³pʰ ⁰?
1	910	say	say	0.50	⁰? ²⁴n
1	912	scratch	scratch	0.67	⁶hj|¹⁶h ⁰? ⁴ŋ
1	913	search	search	1.00	¹⁸s ⁵a ¹⁶w
1	916	seed	seed	1.00	³⁶l ¹⁴I
1	919	serow	serow	0.50	⁰? ⁸I
1	922	seven	seven	0.67	⁰? ³²I ³t
1	923	sew	sew	0.33	⁰? ⁰? ⁹ŋ
1	924	shade	shade	1.00	¹³tɕʰ ⁹²a ¹⁰p
1	926	shake	shake	1.00	³⁶kʰ ³²I ¹⁷n
1	930	sharp	sharp	0.33	⁰? ⁰? ¹⁶w
1	932	sheep	sheep	0.00	⁰? ⁰?
1	933	sheep	sheep	0.33	⁰? ⁰? ⁸j
1	936	shoe, footwear	leg-prefix	0.50	³⁶l ⁰?
1	937	shoe, footwear	shoefootwear	1.00	⁵hl ¹⁴a ¹⁸m
1	939	shoot	shoot	0.25	⁰? ⁰? ⁰? ¹¹⁶k
1	943	shoulder	shoulder	0.67	²³pʰ ⁶⁹a ⁰?
1	944	tooth	?	0.67	⁰? ²⁴u ⁸²ŋ
1	945	shoulder	shoulder	1.00	³hla|⁴r ²⁵a
1	946	shoulder	shoulder	1.00	⁵jw|²¹j ³a
1	947	shy, ashamed (vi)	shyashamedvi	0.67	⁰? ¹¹a ²⁴n
1	948	sick (vi)	sickvi	0.67	⁰? ⁸a ⁵ŋ
1	949	sick (vi)	sickvi	0.50	⁰? ¹⁴a|⁴⁵u
1	950	silver	silver	0.67	⁰? ⁶u|³²I ⁴n
1	951	silver	silver	0.67	⁰? ³⁴o|³⁸u ³⁵j
1	952	sing	sing	1.00	¹⁸t ³a ³⁵j
1	953	sister, elder	sisterelder	0.50	⁰? ³¹u
1	955	sister, younger	sisteryounger	0.00	⁰? ⁰? ⁰?
1	956	sister, younger	sisteryounger	0.00	⁰?
1	963	sister-in-law	sisterinlaw	0.50	⁰? ³⁰a
1	965	sit	sit	1.00	²⁵d ²⁴u ⁸²ŋ
1	967	six	six	0.67	¹³tɕʰ ²⁴u ⁰?
1	969	skin, bark	skinbark	0.50	⁰? ⁴a
1	970	skin, bark	skinbark	0.67	⁰? ³⁸u ¹¹⁶k
1	972	sky	sky	0.50	⁰? ¹⁰a
1	973	sleep	sleep	0.33	⁰? ³²I ⁰?
1	974	slowly	slowly	0.67	⁰? ⁴a ⁴s
1	979	small	small	0.00	⁰? ⁰? ⁰?
1	981	small	da-suffix2	1.00	²⁵d ¹⁴a
1	984	smell (n)	smelln	1.00	³sj ⁴I ¹¹s
1	986	smell1 (vi)	smell1vi	0.67	⁰? ⁴o|⁷⁵a ¹⁴m|²⁴n
1	987	smell2 (vi)	smell2vi	0.33	⁰? ⁰? ⁴ŋ
1	990	snake	snake	0.33	⁰? ⁰? ¹⁴m
1	992	snatch away	snatchaway	1.00	³kʰj|¹³kʰrj ⁸o ³w
1	993	snow	snow	0.33	⁰? ⁰? ¹⁸m
1	994	snow	snow	0.50	⁰? ²⁸u
1	997	soda ash	sodaash	0.50	³⁶kʰ ⁰?
1	1001	soil, earth	soilearth	0.50	¹⁸s ⁰?
1	1002	son	son	1.00	²⁵d ⁶a ³k
1	1005	son-in-law	soninlaw	0.67	⁰? ²⁸u ¹⁷n
1	1006	song	song	0.33	³²b ⁰? ⁰?
1	1008	song	song	0.00	⁰? ⁰?
1	1009	soup, liquid, broth, juice	water	1.00	³⁶kʰ ⁴o ⁵w
1	1013	sour	sour	0.00	⁰? ⁰?
1	1014	sour	sour	0.00	⁰? ⁰?
1	1017	sow, broadcast	sowbroadcast	1.00	²³pʰ ⁶u ³t
1	1018	sow, broadcast	sowbroadcast	0.50	⁰? ⁴a
1	1021	soybean	soybean	0.67	⁰? ³⁸u ¹¹⁶k
1	1022	soybean	soybean	0.00	⁰? ⁰?
1	1023	sparrow	sparrow	0.50	⁰? ³a
1	1024	sparrow	sparrow	1.00	⁴r|³⁶l ³u|⁶a ¹⁰²ŋ
1	1025	sparrow	sparrow	1.00	²⁵d ¹⁸⁸a ¹¹⁶k
1	1028	speak	speak	1.00	⁴g ¹¹a ⁵w
1	1029	speak	speak	0.67	¹⁸s|³⁷sj ⁰? ⁵I
1	1034	spicy, pungent	spicypungent	0.33	⁰? ⁰? ³⁵j
1	1037	spider	spider	1.00	⁴g ³a ¹⁸m
1	1038	spider	spider	0.25	⁰? ⁴r ⁰? ⁰?
1	1039	spider	spider	0.33	¹⁸s ⁰? ⁰?
1	1040	spider	spider	0.50	⁰? ³a
1	1041	spider	spider	0.50	⁰? ⁴o|⁷²a
1	1043	spirit, soul, shadow	spiritsoulshadow	0.67	⁰? ⁷u ⁸²ŋ
1	1044	spirit, soul, shadow	spiritsoulshadow	0.00	⁰?
1	1046	spit	spit	0.50	⁰? ³o
1	1048	spit	throw	0.67	⁰? ³o ¹¹s
1	1049	spit	spittle	0.67	¹⁸t ⁰? ¹¹s
1	1052	split	split	0.00	⁰? ⁰? ⁰?
1	1056	squirrel	squirrel	0.33	⁰? ⁶⁹a ⁰?
1	1057	squirrel	squirrel	0.50	⁰? ³a
1	1058	squirrel	squirrel	0.75	¹⁸s|³⁷sj ⁰? ²⁶o ¹⁰p
1	1060	squirrel, flying	squirrelflying	0.67	³tsʰj|³tɕʰw ⁰? ¹⁰r
1	1062	squirrel, flying	squirrelflying	0.50	²¹j ⁰?
1	1063	squirrel, flying	squirrelflying	0.50	³kʰj|¹³kʰrj ⁰? ⁴o ⁰?
1	1064	stab	stab	0.67	⁰? ³⁸u ¹¹⁶k
1	1065	stand (up)	standup	0.67	⁰? ⁴I ⁹ŋ
1	1066	star	star	0.67	⁰? ²⁴u ¹¹⁹k
1	1067	star	star	1.00	³tsʰ|³tsʰj ²⁴u ⁶m|⁸⁹ŋ
1	1068	steal	steal	0.67	⁰? ⁵a ¹⁶w
1	1070	steam	steam	1.00	⁵hl ⁶a ⁷ŋ
1	1071	steam	steam	1.00	⁷p ⁴a
1	1075	stich	stich	0.67	⁰? ²⁰a ¹¹⁹k
1	1076	stick	stick	0.67	³⁶kʰ ⁰? ³⁵j
1	1077	stone	stone	1.00	⁴r ²⁴u ⁸²ŋ
1	1078	story	story	0.33	¹⁸t ⁰? ⁰?
1	1079	story	story	1.00	⁴kh|³⁶kʰ ⁴o|⁷⁵a ⁵r
1	1081	straight	straight	0.33	⁰? ⁶a ⁰?
1	1084	wood	wood	1.00	⁶hj ³²I ⁸²ŋ
1	1085	stump (tree)	stumptree	0.25	⁰? ⁰? ²⁰o ⁰?
1	1087	stump (tree)	stumptree	0.67	⁰? ⁶o|¹⁷a ⁴⁸m
1	1089	suck	suck	0.33	⁰? ⁰? ³p
1	1090	suck	suck	0.67	⁰? ⁸a ⁶m|⁸²ŋ
1	1091	sugarcane	sugarcane	0.00	⁰? ⁰?
1	1092	sugarcane	sugarcane	0.67	³m ⁰? ³⁵j
1	1095	sun, day	sunday	0.50	⁰? ³¹u
1	1096	sun, day	sunday	0.50	⁰? ¹⁰a
1	1097	swallow	swallow	0.50	⁰? ²⁸u
1	1098	sweet	sweet	0.50	⁰? ⁴I
1	1102	tail	tail	0.67	⁰? ⁴u ³⁵j
1	1104	take	take	0.67	³¹tʰ ⁰? ¹⁷n
1	1106	takin	takin	0.50	⁰? ²⁸a
1	1107	takin	takin	1.00	³tsʰj|³tɕʰw ⁶o ¹⁴m
1	1108	taro	taro	0.67	⁰? ²⁰a ¹¹⁶k
1	1111	tasty	tasty	0.75	³²b ⁶r ⁰? ³⁵j
1	1114	tear (vt)	tearvt	0.67	⁰? ⁴a ⁷t
1	1115	tell	tell	0.67	⁰? ⁴a ⁷t
1	1116	ten	ten	1.00	¹⁸s ¹¹a ¹⁷n
1	1117	that	that	0.50	³¹tʰ ⁰?
1	1119	that side	thatside	0.33	³¹tʰ ⁰? ⁰?
1	1120	that side	thatside	0.50	³⁶kʰ ⁰?
1	1121	that side	thatside	1.00	³¹tʰ ¹⁴I
1	1126	thick	thick	0.67	³¹tʰ ⁵a ⁰?
1	1127	thief	thief	0.50	⁰? ⁰? ⁵a ¹⁶w
1	1129	thief	thief	0.00	⁰? ⁰?
1	1131	thigh	thigh	0.67	²³pʰ ⁰? ³⁰a
1	1132	thin	thin	1.00	¹⁰tsʰw ³a ¹⁰p
1	1137	thing	thing	0.50	³m ⁰?
1	1138	thing	thing	1.00	³tsʰj|³tɕʰw ³o|⁶u ⁶m|⁸⁹ŋ
1	1140	think	think	1.00	³¹tʰ ⁶u|³²I ⁴n
1	1141	thirsty (vi)	thirstyvi	0.33	²¹j ⁰? ⁰?
1	1143	this	this	0.67	³¹tʰ ⁰? ³o
1	1146	thorn	thorn	0.67	⁴z ⁰? ¹⁶w
1	1147	thorn	thorn	0.00	⁰? ⁰?
1	1148	thousand	thousand	0.00	⁰? ⁰?
1	1149	thousand	thousand	1.00	¹⁸t ²⁰o ⁸²ŋ
1	1150	thread	thread	0.67	⁰? ⁶⁹a ⁸²ŋ
1	1151	three	three	1.00	³⁸u ⁶m
1	1155	thunder (vi)	thundervi	1.00	⁴hw|⁶hj ²⁴u ¹¹⁹k
1	1158	tie (vt)	tievt	0.67	⁰? ²⁰a ¹¹⁶k
1	1159	tiger	tiger	0.50	²³pʰ ⁰?
1	1160	tiger	tiger	0.67	⁰? ¹⁸⁸a ⁴⁸m
1	1161	till (hoe)	tillhoe	1.00	³tsʰj|³tɕʰw ²⁰o ¹¹⁹k
1	1162	tired (vi)	tiredvi	0.33	⁰? ⁰? ⁴³j
1	1163	today	today	1.00	⁴r ³⁰a
1	1164	today	today	0.50	³¹tʰ ⁰?
1	1166	together with	togetherwith	0.33	²⁵d ⁰? ⁰?
1	1167	tomorrow	tomorrow	1.00	¹⁸s ⁶⁹a ⁸²ŋ
1	1169	tomorrow	tomorrow	0.00	⁰? ⁰?
1	1171	tongue	tongue	0.67	³⁶l ⁰? ³⁵j
1	1175	tooth	tooth	0.33	⁰? ⁰? ¹⁷n
1	1177	trivet	trivet	0.00	⁰? ⁰? ⁰?
1	1179	trivet	trivet	1.00	⁷p ³⁵a ⁵r
1	1186	tusk	tusk	0.50	⁵nj|¹⁴ŋ ⁰?
1	1187	twenty	twenty	0.33	³⁶kʰ ⁰? ⁰?
1	1188	twist	twist	0.00	⁰? ⁰? ⁰?
1	1189	two	two	0.67	⁰? ³²I ³t
1	1191	up there	upthere	0.50	³⁶l ⁰? ⁶⁹a ⁰?
1	1194	uproot	uproot	0.67	²³pʰ ³o ⁰?
1	1195	urine	urine	0.50	⁰? ¹⁴I
1	1196	vagina	vagina	1.00	³¹tʰ ⁸a ¹⁶w
1	1197	vegetable, leafy	vegetableleafy	0.33	²⁵d ⁰? ⁰?
1	1198	vegetable, leafy	vegetableleafy	1.00	⁴hw|⁶hj ⁴a
1	1199	veranda	veranda	0.00	⁰? ⁰? ⁰?
1	1200	veranda	veranda	0.50	⁰? ⁴o|⁷²a
1	1203	village	village	0.67	³¹tʰ ²⁴u ⁰?
1	1204	vomit	vomit	1.00	²¹j ²⁰o ¹¹⁹k
1	1205	waist	waist	0.67	⁰? ²⁴u ⁸²ŋ
1	1208	waist	waist	0.67	³²b ⁹a ⁰?
1	1209	wait	wait	1.00	⁸dʑ ²⁰a ¹¹⁶k
1	1211	wake up	wakeup	1.00	²¹j ⁴o ³w
1	1214	walking stick	walkingstick	0.33	⁰? ⁰? ⁴³j
1	1215	walking stick	walkingstick	0.67	⁰? ²⁴u ⁸⁹ŋ
1	1217	walnut	walnut	0.67	⁰? ¹⁰a ⁹ŋ
1	1218	warm, hot (adj.)	warm	0.67	⁰? ³²I ¹¹⁶k
1	1222	wash	wash	0.33	⁰? ⁰? ¹⁰r
1	1224	wealthy	wealthy	0.67	¹³tɕʰ ⁰? ¹¹⁶k
1	1225	wealthy	wealthy	1.00	⁷p ⁷u
1	1226	wear	wear	0.67	⁰? ⁴a ¹¹s
1	1228	weave	weave	0.67	⁰? ²⁰a ¹¹⁶k
1	1229	weed, grass	weedgrass	0.67	⁸dʑ ⁰? ⁶m
1	1232	wet	wet	1.00	³⁶l ⁴a
1	1233	wet	wet	0.50	⁴kh|³⁶kʰ ⁰?
1	1235	wheat	wheat	0.50	⁰? ³⁰a
1	1237	wheat	wheat	0.00	⁰? ⁰?
1	1238	when	when	1.00	²⁵d ⁶a ⁹ŋ
1	1240	where	where	1.00	³hla|⁵hl ⁹a
1	1241	where	where	0.50	⁰? ⁷²a
1	1246	white	white	1.00	⁴z ¹¹a
1	1248	white	white	0.67	⁰? ¹⁸⁸a ¹⁰r
1	1249	who	who	0.50	⁰? ¹⁴I
1	1252	wife	wife	1.00	²¹j ³⁰a
1	1253	wind	wind	0.67	¹⁸s ⁶o ⁰?
1	1254	wind	wind	0.33	⁰? ⁰? ¹⁸m
1	1256	window	window	1.00	⁵tɕ ²⁴u ⁸²ŋ
1	1257	window	window	0.00	⁰? ⁰? ⁰?
1	1259	wing	wing	0.33	⁰? ⁰? ³⁵j
1	1262	wipe	wipe	1.00	³¹u
1	1263	woman	woman	1.00	⁸dʑ ⁹a
1	1266	wool	wool	0.67	⁰? ²⁰a ¹¹⁶k
1	1268	word	word	0.00	⁰? ⁰? ⁰?
1	1269	work	work	0.75	³pl ⁶r ⁰? ⁴t
1	1270	wring, squeeze	wringsqueeze	0.67	⁵tɕ ⁰? ¹⁰r
1	1272	year, next	yearnext	1.00	³pl ⁸a
1	1276	year, next	yearnext	0.50	⁰? ³a
1	1277	year, this	yearthis	0.50	⁰? ⁷u
1	1278	year, this	yearthis	0.67	³¹tʰ ⁷²a ⁰?
1	1280	yellow	yellow	0.00	⁰?
1	1281	yellow	yellow	0.00	⁰? ⁰?
1	1282	yesterday	yesterday	0.33	⁰? ⁰? ⁸j
1	1283	yesterday	yesterday	1.00	²¹j ⁵a ¹⁶w
1	1285	2pl.excl	_excl2	1.00	³pl|³²b ⁶r ¹⁴a|⁴⁵u ⁶m|⁹⁷ŋ
